experience_years,job_role_level,salary,working_hours,deadlines_missed,tasks_completed,skill_score,task_complexity,roi_score
5.9,2,27416.0,10.7,2,8,3,4,0.438
14.3,4,40546.0,6.2,3,9,6,4,0.666
11.1,5,76705.0,10.2,3,5,5,9,0.423
9.2,5,86608.0,11.2,2,6,8,8,0.281
2.8,2,75536.0,11.3,0,5,3,8,0.325
2.8,1,91367.0,11.8,2,3,5,4,0.1
1.3,4,99391.0,12.9,5,10,3,8,0.284
13.1,5,26240.0,9.5,0,4,3,9,0.591
9.2,2,83012.0,11.6,1,3,9,3,0.318
10.8,5,145437.0,10.6,2,10,6,3,0.268
0.8,4,89879.0,6.7,0,9,9,7,0.633
14.6,4,109693.0,5.2,1,9,7,6,0.662
12.6,3,63983.0,7.6,2,6,6,3,0.412
3.6,2,121749.0,9.0,3,11,3,7,0.278
3.1,4,121615.0,10.6,2,8,5,5,0.357
3.2,3,90162.0,12.6,4,4,8,6,0.204
4.9,3,147002.0,6.8,2,3,6,3,0.1
8.1,5,40694.0,6.1,4,3,7,9,0.44
6.8,5,27118.0,13.7,1,11,3,5,0.543
4.7,3,121270.0,6.0,2,6,8,7,0.345
9.4,5,125894.0,9.3,1,7,6,3,0.232
2.5,4,40026.0,10.3,1,5,9,3,0.4
4.7,1,58198.0,9.9,0,6,9,8,0.574
5.8,4,27194.0,5.8,1,10,6,5,0.743
7.1,3,61664.0,5.5,1,6,6,3,0.558
11.9,3,121643.0,5.9,2,11,6,4,0.607
3.4,4,89745.0,10.3,2,11,8,9,0.526
8.0,5,68512.0,9.9,3,8,9,8,0.535
9.1,5,71467.0,7.1,0,4,5,8,0.493
1.2,3,25169.0,10.7,1,9,7,3,0.508
9.3,2,62475.0,12.4,0,11,7,9,0.705
3.0,5,105807.0,5.4,4,8,3,8,0.417
1.4,4,146774.0,9.5,1,5,4,6,0.116
14.3,5,130883.0,11.2,0,9,5,5,0.431
14.5,4,27949.0,7.3,3,7,9,6,0.567
12.2,3,137320.0,7.8,3,3,3,7,0.232
4.9,5,122900.0,10.5,1,5,3,6,0.1
1.9,4,122547.0,13.1,4,7,6,9,0.122
10.4,3,82249.0,12.3,3,9,4,4,0.384
6.9,2,74751.0,10.2,3,5,9,8,0.378
2.3,4,62864.0,11.6,4,8,4,9,0.31
7.7,2,33212.0,8.3,0,7,5,8,0.695
1.0,2,53529.0,10.8,3,3,4,4,0.251
13.7,1,55825.0,9.2,2,8,3,8,0.507
4.3,5,85510.0,6.7,5,10,4,6,0.631
10.1,4,118431.0,11.3,5,3,4,7,0.1
5.0,2,84226.0,10.0,3,4,7,3,0.218
8.0,1,32231.0,8.2,0,6,9,4,0.673
8.4,3,144724.0,13.2,0,4,9,6,0.292
3.2,4,142841.0,5.2,1,11,3,9,0.614
14.6,2,123149.0,7.8,2,10,8,6,0.482
11.7,5,148916.0,5.5,0,10,4,6,0.671
14.1,1,93060.0,11.9,4,6,4,3,0.259
13.5,2,145346.0,11.3,2,7,6,5,0.232
9.2,5,34451.0,8.0,5,6,9,8,0.567
13.9,2,70710.0,11.1,2,11,4,8,0.477
1.8,4,53173.0,8.6,4,4,9,9,0.344
3.3,4,49479.0,11.8,3,10,4,7,0.385
1.2,4,42600.0,9.1,4,4,7,9,0.33
5.2,1,102802.0,8.7,4,3,3,5,0.152
6.1,4,122665.0,13.4,3,5,9,8,0.193
4.4,5,97287.0,7.3,3,11,5,7,0.655
12.5,2,43370.0,6.1,3,5,3,9,0.51
5.7,3,126390.0,10.3,3,11,6,7,0.353
4.6,5,104494.0,13.7,3,9,3,6,0.229
8.4,5,73521.0,8.4,4,3,4,4,0.159
2.5,4,109266.0,5.6,1,7,6,6,0.433
12.1,1,57488.0,8.1,1,11,3,3,0.657
1.6,2,68149.0,9.6,0,5,6,8,0.458
14.8,1,139686.0,6.5,1,11,5,7,0.552
11.7,2,61313.0,10.9,5,7,3,9,0.349
3.4,2,83749.0,14.0,1,11,9,4,0.366
0.6,1,136268.0,9.1,4,8,9,9,0.283
12.3,5,113465.0,8.2,3,11,8,8,0.598
10.7,2,32775.0,8.6,3,9,4,7,0.509
11.1,1,43413.0,6.0,4,9,6,7,0.669
11.7,2,25980.0,12.9,5,10,8,6,0.538
1.6,3,103865.0,8.7,1,9,8,4,0.294
5.7,5,80959.0,8.5,4,11,7,4,0.437
2.2,4,41784.0,10.9,0,11,6,8,0.644
13.0,2,144742.0,9.0,3,8,8,7,0.274
9.5,3,91207.0,10.8,2,9,7,4,0.378
5.3,4,55237.0,5.6,0,4,8,4,0.507
1.4,4,87575.0,12.3,5,11,4,9,0.329
5.0,2,109953.0,13.5,0,3,5,8,0.293
5.2,1,34530.0,10.8,4,3,7,6,0.387
11.1,2,59338.0,13.6,1,5,5,9,0.478
9.7,3,125871.0,6.4,3,8,6,9,0.35
13.4,4,82458.0,9.3,5,7,4,5,0.366
7.3,2,93322.0,10.4,5,4,7,3,0.147
2.2,1,79102.0,10.2,2,11,6,5,0.438
10.8,2,30487.0,8.6,0,6,8,4,0.598
11.5,5,45719.0,8.0,2,6,9,7,0.528
8.6,1,80693.0,6.1,1,7,3,3,0.451
11.7,3,51148.0,8.5,1,10,6,3,0.56
7.7,4,31247.0,6.5,2,6,5,7,0.493
8.1,2,130456.0,11.6,3,7,4,3,0.108
6.7,1,147649.0,6.9,1,6,4,7,0.273
0.9,5,124143.0,5.5,2,8,6,3,0.4
2.1,1,131723.0,10.0,0,5,8,9,0.375
1.0,5,55247.0,10.4,2,10,3,8,0.433
9.7,3,145078.0,12.8,2,8,5,8,0.23
5.1,4,49616.0,10.2,4,7,6,5,0.417
7.9,3,143929.0,8.1,1,4,6,9,0.274
13.7,2,149352.0,12.2,3,9,9,3,0.213
4.1,1,113965.0,9.9,3,4,4,6,0.111
6.5,5,147643.0,5.7,4,3,5,7,0.11
11.5,5,96192.0,10.1,5,9,3,9,0.33
3.8,1,57443.0,13.2,3,7,4,3,0.245
1.6,1,79624.0,8.6,2,3,6,8,0.273
4.7,2,99195.0,7.7,4,6,4,8,0.327
2.8,3,34135.0,6.3,0,6,4,7,0.616
14.0,5,102793.0,6.4,1,9,7,6,0.603
12.2,2,147647.0,8.9,1,11,4,3,0.32
9.7,3,48763.0,10.4,1,4,8,3,0.391
13.1,2,124074.0,5.7,2,3,4,6,0.199
12.2,5,138487.0,13.5,0,4,8,6,0.262
3.2,1,142963.0,11.8,4,9,5,6,0.146
13.4,1,145017.0,10.3,4,8,4,8,0.246
8.3,3,90182.0,12.5,1,6,3,7,0.267
12.2,4,147163.0,5.7,0,3,8,9,0.393
13.5,3,119664.0,9.3,0,3,8,6,0.315
5.1,4,45209.0,10.7,0,7,6,7,0.64
2.1,2,84613.0,12.5,3,3,5,5,0.197
3.8,2,114791.0,12.1,3,9,4,3,0.141
6.7,5,55918.0,7.5,1,3,9,3,0.332
12.4,4,105077.0,13.5,0,3,3,4,0.22
13.0,5,108325.0,6.1,5,4,6,5,0.236
0.6,1,45337.0,12.9,0,5,5,9,0.566
7.9,4,95636.0,13.7,4,3,8,6,0.149
6.6,3,121453.0,6.6,4,11,3,6,0.497
3.7,1,87362.0,11.5,1,10,4,9,0.457
2.2,1,26513.0,5.4,5,7,9,8,0.587
5.4,3,26130.0,8.6,0,4,7,5,0.481
14.2,1,69629.0,9.6,5,7,7,6,0.352
5.2,4,140774.0,10.2,1,8,5,4,0.172
8.0,5,53585.0,13.4,4,3,9,7,0.15
10.7,1,104295.0,11.1,4,6,3,3,0.197
5.8,4,52759.0,9.3,3,11,6,5,0.634
14.6,2,65209.0,12.3,1,4,3,3,0.288
14.5,4,131005.0,13.6,1,7,9,7,0.234
4.2,5,116108.0,5.2,0,3,8,5,0.301
7.7,4,36925.0,13.8,0,6,7,7,0.517
4.9,3,78588.0,5.8,3,6,5,6,0.352
4.6,5,28646.0,12.3,2,8,4,9,0.517
1.0,2,85111.0,7.5,5,11,3,6,0.509
9.3,3,107804.0,6.2,2,5,7,9,0.32
7.8,4,39813.0,9.0,2,11,6,6,0.654
1.2,5,61111.0,10.8,1,8,5,7,0.49
4.5,2,74730.0,8.4,5,9,4,7,0.519
13.7,3,139941.0,5.5,1,4,3,7,0.409
4.0,2,149157.0,10.4,5,8,6,3,0.1
2.6,4,30614.0,13.1,4,8,4,7,0.529
7.6,2,120126.0,8.4,1,4,8,6,0.223
14.8,1,71466.0,6.9,1,4,7,4,0.365
4.0,3,74057.0,9.0,1,4,8,7,0.35
10.2,2,119283.0,5.4,3,3,7,4,0.157
11.5,4,139803.0,12.4,1,7,6,9,0.299
3.9,4,143866.0,12.4,0,10,8,6,0.306
11.1,2,97140.0,10.3,0,4,7,7,0.388
5.8,4,69640.0,8.2,5,7,5,3,0.39
9.7,5,123444.0,12.2,4,10,6,3,0.236
9.7,5,56375.0,10.0,3,7,7,9,0.474
8.3,5,95509.0,12.4,5,4,3,4,0.138
1.8,1,69822.0,10.7,0,5,7,8,0.502
12.6,2,107079.0,12.1,3,8,8,3,0.193
5.2,1,55050.0,10.4,3,7,5,3,0.352
3.2,4,48949.0,8.7,4,6,4,3,0.292
1.1,1,139780.0,13.6,3,6,4,6,0.1
9.1,4,37725.0,9.9,1,7,7,3,0.523
10.3,4,88245.0,10.4,3,4,4,5,0.145
0.7,3,52607.0,7.0,4,11,7,7,0.584
7.9,5,29866.0,10.6,5,4,5,9,0.283
3.8,4,29502.0,10.1,4,4,4,3,0.238
9.9,3,46903.0,6.7,4,11,8,8,0.82
3.0,5,133346.0,5.5,0,5,8,8,0.423
10.5,4,60310.0,10.4,1,9,3,3,0.37
6.1,4,143807.0,11.9,0,6,7,3,0.209
14.1,1,97703.0,9.7,5,8,4,5,0.255
2.5,1,79577.0,7.0,2,6,8,3,0.284
5.4,5,97511.0,11.0,5,9,9,3,0.312
2.1,4,89587.0,5.7,1,3,5,7,0.212
13.9,2,119847.0,9.0,3,5,5,8,0.316
13.2,1,60312.0,6.5,4,5,9,5,0.438
4.2,5,69131.0,6.7,2,3,9,8,0.339
10.1,4,136762.0,6.8,1,8,3,5,0.349
12.3,4,143307.0,8.5,0,11,5,8,0.612
8.6,2,136570.0,5.5,4,10,5,3,0.502
8.2,5,77431.0,8.6,5,9,4,8,0.467
4.0,4,122546.0,9.6,0,10,7,8,0.541
1.8,1,84542.0,9.3,1,8,6,5,0.365
13.5,2,87192.0,8.4,1,11,5,9,0.662
13.6,5,50585.0,12.6,5,5,5,4,0.284
9.7,2,98891.0,6.3,2,11,6,5,0.616
5.4,1,48267.0,9.6,5,6,5,5,0.323
5.6,5,66446.0,5.6,3,9,4,5,0.557
11.0,2,131879.0,5.6,0,11,4,6,0.696
13.5,3,50884.0,10.2,2,4,6,9,0.438
13.4,1,33895.0,10.1,4,4,8,6,0.47
11.8,1,33626.0,12.9,3,11,5,6,0.583
9.8,1,142598.0,10.0,2,5,8,5,0.101
1.7,3,88365.0,13.6,0,11,5,4,0.497
2.8,3,76177.0,5.4,1,7,7,5,0.508
13.5,4,126360.0,5.9,4,8,5,3,0.417
9.3,2,129478.0,5.4,5,4,4,4,0.118
0.6,4,66524.0,6.7,0,10,3,6,0.686
2.0,2,111702.0,9.9,3,11,9,8,0.434
10.1,3,121390.0,10.8,3,4,3,8,0.1
0.6,3,106831.0,5.4,1,8,3,9,0.54
2.8,4,43949.0,13.5,1,8,3,7,0.469
8.5,5,134485.0,12.6,4,10,9,9,0.307
10.5,4,92387.0,7.7,5,7,8,4,0.431
10.0,2,60309.0,5.7,4,11,9,6,0.767
3.8,4,78154.0,6.5,1,3,8,4,0.32
10.8,1,29696.0,6.1,1,11,9,4,0.742
3.9,2,40983.0,6.1,3,9,9,8,0.812
5.2,2,120693.0,9.7,1,6,5,5,0.301
11.3,5,25001.0,7.2,2,5,8,3,0.466
9.9,3,77071.0,8.2,0,8,5,7,0.502
12.8,2,90314.0,13.9,1,3,7,6,0.273
10.0,3,31829.0,11.2,4,5,5,4,0.272
8.7,4,146635.0,13.5,5,4,3,7,0.1
1.9,1,53266.0,6.3,5,11,6,4,0.646
5.8,5,63025.0,8.4,5,5,6,8,0.3
4.3,3,62993.0,10.0,2,4,4,3,0.272
4.0,2,53802.0,5.7,4,6,4,8,0.511
14.6,3,25184.0,5.0,2,4,5,7,0.601
6.2,2,116168.0,11.0,1,3,9,6,0.19
13.4,3,145856.0,10.8,0,8,9,4,0.316
9.7,2,53037.0,8.7,5,10,6,3,0.545
12.0,4,107881.0,9.4,4,4,3,8,0.192
7.8,2,117737.0,8.7,5,11,8,7,0.375
8.9,2,131053.0,5.2,2,5,3,8,0.371
7.6,1,77829.0,8.0,3,10,3,4,0.558
3.3,2,62866.0,6.6,1,10,5,4,0.6
11.0,1,65662.0,5.9,0,5,5,6,0.677
4.6,5,114078.0,13.6,1,5,7,3,0.156
0.9,1,127097.0,10.4,3,8,3,5,0.142
9.9,4,47702.0,11.6,0,3,9,8,0.473
3.1,1,71368.0,7.8,3,6,9,4,0.43
14.1,5,137743.0,8.5,1,3,3,7,0.13
14.3,4,125837.0,7.1,2,5,5,8,0.343
13.8,3,148107.0,5.9,1,11,5,6,0.566
5.9,3,119281.0,6.6,1,7,7,6,0.372
0.7,1,74149.0,12.2,1,7,7,4,0.354
14.0,1,98830.0,11.1,4,6,4,4,0.211
6.7,5,107627.0,9.9,3,5,6,4,0.157
14.5,5,34807.0,9.3,3,7,3,9,0.583
14.5,2,93062.0,13.3,5,6,9,5,0.358
12.9,5,113665.0,5.7,3,10,3,4,0.568
4.8,2,45915.0,7.5,5,6,7,8,0.419
6.1,4,122579.0,8.1,4,10,7,8,0.395
12.8,1,97972.0,12.0,2,8,4,9,0.371
5.1,4,144028.0,13.9,5,7,6,9,0.157
3.0,5,30303.0,7.2,1,6,4,3,0.399
8.6,4,58166.0,12.9,2,6,9,7,0.427
14.1,4,100194.0,12.5,4,6,6,4,0.233
10.6,4,62070.0,7.0,3,11,8,8,0.627
8.8,5,114303.0,8.6,5,6,3,9,0.215
1.9,4,119876.0,8.7,1,11,4,8,0.417
9.4,2,37814.0,13.8,0,8,7,8,0.607
14.9,5,89232.0,6.6,0,9,4,9,0.829
2.5,4,88611.0,12.2,2,5,8,5,0.23
8.0,5,71160.0,8.0,3,10,4,9,0.514
13.2,3,141616.0,11.6,0,5,3,9,0.323
11.2,2,128438.0,8.8,2,3,8,7,0.168
10.6,4,112151.0,10.2,4,7,7,9,0.341
10.7,3,114291.0,12.5,2,4,7,6,0.216
5.7,3,82715.0,12.2,2,8,5,9,0.424
4.8,5,140124.0,12.8,2,11,8,8,0.3
12.2,3,111824.0,5.5,1,3,5,4,0.326
12.2,2,116123.0,11.2,2,6,5,8,0.317
13.1,2,132711.0,6.3,5,3,3,7,0.106
13.7,1,59259.0,8.7,2,3,4,6,0.424
7.9,2,125884.0,9.9,1,10,7,9,0.453
7.8,3,49405.0,8.6,1,4,7,5,0.342
12.1,2,68168.0,9.7,4,3,4,3,0.283
9.9,5,66951.0,14.0,3,10,7,9,0.557
10.7,1,147316.0,6.2,0,6,4,4,0.368
12.0,3,132067.0,11.1,0,5,8,3,0.267
13.4,1,112646.0,8.6,2,6,3,5,0.261
5.4,3,115882.0,6.2,4,7,3,7,0.369
5.9,5,95259.0,6.4,2,3,9,7,0.338
1.9,1,143386.0,13.5,0,3,3,5,0.134
8.9,4,87032.0,12.9,1,5,4,8,0.301
1.0,3,72565.0,13.2,3,8,9,5,0.38
7.3,4,45379.0,13.9,4,3,4,9,0.27
8.4,1,123276.0,6.9,1,4,6,4,0.269
4.7,4,116805.0,8.2,3,9,9,6,0.369
9.1,4,73044.0,11.0,4,3,7,9,0.299
0.9,1,28149.0,9.4,4,9,7,9,0.541
1.0,5,129875.0,8.8,0,6,6,9,0.361
12.4,4,26427.0,8.2,1,8,6,3,0.57
5.7,4,112962.0,10.3,4,10,3,3,0.319
2.3,5,146282.0,10.2,5,11,6,7,0.23
8.1,4,79708.0,6.5,4,8,4,9,0.474
11.7,4,54372.0,9.2,3,11,5,8,0.711
3.6,4,113109.0,10.0,0,6,4,7,0.397
9.5,2,127141.0,10.1,2,8,9,4,0.168
1.7,5,93304.0,6.9,0,10,6,5,0.597
1.2,4,145879.0,11.7,2,11,7,3,0.112
8.2,5,31459.0,5.2,1,5,4,9,0.549
8.3,3,88099.0,8.2,1,4,7,4,0.129
9.7,3,114807.0,12.0,4,8,4,7,0.243
11.0,4,132830.0,10.1,5,6,7,7,0.155
14.6,5,47407.0,7.4,1,3,8,3,0.397
8.0,5,125000.0,11.3,4,10,4,7,0.202
5.2,5,94088.0,10.1,0,11,9,8,0.63
12.0,2,74569.0,12.2,1,11,7,7,0.507
4.4,3,41464.0,11.6,0,4,5,6,0.516
6.9,5,133162.0,10.5,0,11,9,5,0.557
1.6,5,44659.0,9.4,5,9,3,7,0.474
0.9,2,63723.0,6.2,1,7,4,6,0.467
14.5,2,61256.0,7.4,0,9,5,4,0.794
12.6,5,133927.0,8.8,5,11,3,7,0.306
10.6,1,109088.0,10.4,5,10,4,8,0.299
6.4,5,124585.0,9.6,1,8,5,4,0.274
3.0,5,56308.0,7.6,5,6,5,9,0.52
2.8,2,103109.0,5.1,1,3,9,7,0.288
4.1,2,96468.0,9.5,1,8,8,3,0.338
8.5,5,129104.0,7.6,2,5,5,6,0.145
10.9,5,138261.0,11.6,0,8,8,6,0.44
10.1,5,26520.0,5.2,3,8,6,3,0.718
4.6,2,109252.0,10.3,1,6,9,5,0.319
14.3,5,31479.0,13.5,0,4,7,9,0.55
11.2,5,93607.0,6.6,5,11,9,8,0.625
8.5,4,60954.0,9.2,4,4,3,6,0.203
9.4,1,63347.0,5.8,1,5,7,4,0.462
6.6,3,69120.0,10.6,5,3,7,8,0.198
4.1,1,102662.0,10.0,5,9,8,6,0.272
5.7,4,66756.0,8.7,5,3,7,9,0.263
11.5,3,116587.0,9.7,5,11,5,5,0.35
0.7,5,75566.0,13.1,5,3,8,9,0.179
2.2,4,33544.0,6.8,1,7,7,4,0.562
1.2,5,122970.0,5.2,3,9,8,9,0.55
1.1,2,60720.0,12.8,2,5,6,8,0.281
12.9,4,79096.0,10.2,5,11,8,4,0.482
10.7,2,110680.0,13.0,5,10,4,3,0.184
7.4,4,66557.0,10.4,2,5,5,7,0.33
1.9,4,32073.0,12.3,1,7,3,3,0.362
7.6,2,71740.0,8.9,0,9,4,8,0.541
7.4,3,143056.0,11.7,4,6,4,7,0.166
3.0,1,105217.0,13.2,4,7,4,3,0.1
6.8,5,108935.0,10.1,0,5,7,7,0.381
6.3,4,104035.0,6.6,1,11,8,6,0.687
9.4,5,49874.0,7.4,4,11,8,9,0.763
9.7,2,77292.0,6.8,2,9,9,4,0.561
1.2,5,118867.0,7.2,0,4,7,7,0.31
5.9,2,37672.0,7.8,3,9,5,6,0.604
9.6,5,59732.0,10.0,1,9,7,9,0.606
7.8,1,59540.0,10.3,0,7,7,9,0.56
12.9,1,79002.0,8.8,4,11,7,5,0.494
10.1,1,147546.0,10.5,1,5,5,3,0.1
2.9,1,33438.0,5.7,2,6,9,5,0.552
1.5,1,89838.0,5.8,1,3,5,8,0.275
9.8,1,47421.0,6.5,1,8,6,6,0.692
0.9,2,146335.0,9.7,2,6,9,5,0.161
9.0,4,39163.0,6.9,5,3,6,5,0.394
14.1,5,75450.0,7.5,2,4,6,9,0.364
8.8,1,117236.0,8.6,1,5,6,6,0.326
6.1,2,113069.0,12.3,2,11,8,9,0.374
9.8,2,77841.0,5.1,5,10,4,4,0.684
7.1,2,68316.0,10.8,0,9,4,7,0.482
8.4,4,74702.0,11.0,2,6,6,8,0.37
14.2,5,58035.0,12.2,2,3,6,8,0.242
6.1,4,50667.0,13.4,1,10,3,3,0.384
14.4,3,85380.0,5.2,0,6,4,9,0.687
13.6,2,58567.0,6.4,3,5,3,7,0.406
3.3,3,60933.0,13.0,3,11,9,3,0.343
1.5,1,107095.0,9.1,4,6,3,8,0.253
2.0,1,146067.0,10.1,2,6,7,7,0.148
0.8,4,100455.0,11.0,2,11,8,5,0.342
1.9,5,34622.0,11.1,0,4,9,4,0.457
10.4,3,34448.0,13.4,5,7,5,5,0.507
1.5,5,143928.0,14.0,3,6,4,4,0.1
5.1,4,62161.0,11.5,4,11,6,9,0.546
12.8,1,36508.0,7.6,0,7,9,6,0.744
0.8,5,99881.0,12.9,2,11,6,3,0.283
12.3,5,102956.0,5.4,3,11,5,3,0.522
4.6,1,106063.0,7.1,4,4,9,6,0.195
2.2,3,58425.0,13.1,1,11,4,7,0.428
10.6,1,26889.0,7.3,3,5,9,6,0.413
9.6,5,145627.0,7.0,4,6,6,9,0.214
13.2,3,56362.0,6.2,0,3,6,8,0.439
11.2,3,109503.0,12.7,1,3,7,6,0.206
12.2,1,113329.0,9.5,4,3,3,4,0.14
4.6,5,101251.0,11.1,4,11,9,8,0.471
3.1,4,64113.0,7.2,2,10,6,6,0.591
11.4,5,58887.0,11.8,5,7,8,3,0.296
12.2,2,99709.0,11.8,3,7,4,5,0.162
14.9,4,133262.0,7.8,2,11,8,4,0.396
6.5,3,143342.0,8.7,1,5,5,9,0.161
5.9,4,38238.0,6.9,5,5,9,4,0.368
11.8,3,44354.0,13.8,4,9,7,7,0.452
5.4,3,143092.0,10.8,2,11,4,5,0.21
14.0,4,117067.0,13.4,5,8,7,4,0.247
12.9,3,135374.0,7.7,3,4,3,6,0.14
6.7,3,50329.0,12.0,1,3,6,4,0.285
11.4,2,98448.0,11.9,0,4,4,4,0.365
11.4,5,112642.0,11.2,2,3,5,4,0.1
2.0,5,110014.0,13.7,1,11,9,7,0.387
13.6,2,76019.0,8.5,0,10,3,4,0.626
7.8,4,26924.0,6.2,2,9,3,4,0.625
12.5,1,97866.0,11.0,1,5,7,7,0.373
5.1,1,56638.0,11.6,1,10,3,8,0.53
13.5,1,81282.0,10.2,5,4,4,5,0.181
6.1,2,144698.0,6.9,2,4,7,9,0.193
0.7,2,74879.0,9.5,1,5,3,8,0.316
13.6,3,129975.0,7.8,4,9,9,3,0.358
1.8,1,48568.0,8.8,2,3,5,7,0.313
5.1,4,109058.0,10.8,1,10,9,7,0.438
14.3,4,147126.0,11.7,5,9,8,4,0.315
14.3,1,37737.0,7.1,0,6,4,4,0.547
8.8,1,26040.0,8.6,0,7,5,9,0.69
9.7,1,79198.0,7.4,4,3,5,3,0.149
7.0,2,36578.0,6.8,2,6,7,4,0.515
4.8,2,118548.0,12.1,5,3,6,6,0.1
5.3,2,139319.0,13.2,1,3,7,4,0.1
10.3,5,79253.0,8.3,1,3,4,4,0.22
11.4,4,57339.0,11.8,0,9,4,6,0.538
12.0,4,79300.0,13.1,5,9,7,3,0.249
11.9,3,115431.0,12.6,4,6,6,6,0.183
1.8,2,26132.0,6.6,0,4,9,7,0.643
7.7,5,98682.0,13.6,0,5,7,6,0.353
1.3,5,101661.0,8.4,4,10,4,5,0.383
8.5,4,104711.0,8.1,2,10,6,7,0.565
6.9,2,55253.0,5.6,1,8,4,4,0.611
13.4,3,114257.0,9.4,2,11,6,9,0.479
5.6,2,36424.0,6.0,5,11,6,7,0.782
2.2,1,49909.0,7.2,3,6,7,3,0.349
2.6,2,134684.0,7.9,3,3,7,3,0.1
11.5,1,117340.0,12.3,3,3,7,6,0.1
9.5,1,26718.0,12.9,4,7,6,7,0.487
2.0,3,56047.0,7.7,0,4,6,4,0.4
1.7,4,51801.0,12.7,2,8,4,3,0.312
10.7,2,58851.0,12.7,1,9,5,8,0.438
1.6,1,55945.0,11.9,3,3,7,4,0.22
12.4,2,32816.0,6.3,2,8,8,8,0.676
10.7,4,82368.0,11.2,3,10,4,5,0.378
1.7,4,116592.0,13.5,3,7,4,8,0.214
1.7,5,100841.0,11.1,1,9,3,3,0.304
14.8,4,109109.0,8.0,5,8,7,6,0.4
5.9,3,35144.0,9.5,5,6,9,5,0.325
5.9,1,143936.0,10.8,5,9,4,7,0.349
12.3,5,129811.0,9.6,4,11,3,4,0.411
14.2,3,125636.0,6.1,0,9,8,3,0.658
14.8,2,127873.0,7.8,4,7,8,5,0.287
11.4,1,141589.0,12.2,2,9,9,5,0.261
6.0,4,93032.0,12.8,4,5,7,3,0.131
1.7,1,50035.0,6.2,2,4,6,7,0.441
11.8,2,102098.0,13.6,2,7,3,7,0.276
8.6,5,117860.0,8.0,0,6,6,6,0.378
6.7,5,117240.0,11.0,1,7,8,9,0.319
13.6,5,90181.0,11.8,0,10,8,8,0.664
2.1,4,33557.0,12.3,5,6,5,7,0.42
7.6,3,71389.0,13.5,5,11,5,6,0.455
0.7,3,140096.0,7.8,4,9,9,8,0.374
7.3,1,98056.0,12.7,2,9,5,5,0.282
1.3,4,92291.0,6.2,3,10,5,3,0.316
2.2,5,58607.0,11.3,3,8,9,7,0.421
2.2,5,71056.0,11.7,2,10,4,6,0.376
9.9,2,136918.0,11.1,0,5,5,5,0.274
11.3,2,108308.0,7.3,1,3,4,7,0.25
9.0,5,123423.0,12.9,0,8,4,4,0.259
14.5,5,81793.0,6.5,2,3,7,9,0.4
5.9,4,103781.0,5.5,2,11,4,5,0.656
4.6,3,56048.0,11.5,1,4,4,7,0.347
13.1,2,113183.0,9.3,4,4,5,5,0.224
3.7,3,78450.0,12.6,4,9,4,3,0.283
14.5,4,80318.0,8.5,1,4,6,3,0.296
0.7,5,106165.0,6.5,4,10,9,9,0.538
14.6,3,142035.0,12.5,3,8,5,3,0.173
1.1,5,33001.0,9.9,4,9,9,8,0.533
13.4,5,128093.0,6.7,4,9,3,4,0.431
8.2,1,61548.0,11.5,4,8,5,3,0.358
14.9,3,80490.0,9.6,3,11,4,4,0.583
1.6,3,27739.0,10.4,4,11,6,3,0.597
8.5,5,62631.0,9.1,5,9,9,8,0.526
14.6,4,87829.0,12.5,3,11,5,5,0.215
8.1,1,32022.0,12.5,1,5,6,7,0.494
9.6,5,86387.0,11.4,0,5,9,7,0.426
10.6,2,140889.0,5.9,1,3,3,3,0.1
7.1,2,38174.0,12.5,0,7,8,7,0.562
9.6,1,120555.0,11.0,1,6,3,3,0.162
9.0,4,76209.0,11.3,5,4,8,3,0.24
13.6,5,106897.0,8.3,0,11,7,9,0.635
1.2,3,57530.0,12.9,0,5,8,6,0.372
4.6,1,44937.0,11.5,2,10,7,6,0.507
14.3,4,45058.0,6.0,0,8,5,9,0.863
13.4,3,33811.0,8.7,0,7,7,6,0.713
7.1,2,48206.0,13.0,2,3,6,4,0.214
9.5,2,108027.0,5.4,4,6,7,6,0.343
4.5,3,135211.0,13.7,4,5,6,3,0.1
3.2,1,126766.0,11.1,2,3,9,8,0.152
7.2,2,110642.0,10.7,3,7,9,8,0.386
5.6,5,38804.0,7.4,0,8,8,5,0.59
9.0,3,61148.0,7.2,0,4,8,6,0.503
1.6,3,63726.0,13.5,2,5,8,8,0.238
14.6,2,56245.0,7.7,2,8,7,6,0.488
14.8,1,89376.0,12.0,3,6,8,5,0.359
10.6,5,91944.0,8.5,5,11,7,8,0.566
8.3,1,69611.0,6.3,4,7,7,3,0.461
5.0,4,69224.0,5.1,1,6,4,4,0.517
12.3,4,128569.0,9.9,5,4,4,9,0.146
10.4,2,123662.0,13.8,4,8,7,9,0.245
2.9,2,63474.0,8.3,0,4,9,9,0.612
13.7,2,139224.0,8.2,5,9,6,6,0.33
12.4,4,144102.0,8.1,2,5,5,8,0.262
14.3,1,65843.0,9.7,3,11,3,8,0.557
11.0,1,69303.0,9.0,4,7,4,5,0.275
9.4,2,88204.0,12.9,3,10,7,3,0.225
6.6,5,142640.0,9.5,4,8,3,7,0.174
14.0,1,134540.0,9.6,5,10,4,8,0.407
13.1,4,37821.0,6.2,0,5,5,4,0.649
1.2,3,74091.0,13.8,1,5,6,5,0.289
0.9,3,94171.0,7.2,3,7,7,8,0.329
6.0,3,87892.0,5.7,3,5,5,8,0.451
12.3,5,49233.0,11.0,1,10,9,5,0.532
14.8,2,132352.0,10.4,3,10,4,5,0.324
2.7,4,109618.0,8.7,3,4,7,6,0.169
9.1,5,129739.0,8.8,4,6,3,8,0.205
6.0,4,132346.0,12.1,4,3,9,7,0.164
14.6,4,118544.0,6.8,1,6,9,4,0.357
12.7,2,79901.0,12.4,0,6,8,3,0.367
12.7,3,101318.0,10.8,5,11,6,3,0.367
7.3,2,45046.0,8.8,5,5,9,7,0.387
6.5,5,109206.0,9.1,3,4,4,5,0.314
4.5,5,47407.0,7.3,0,11,6,5,0.809
1.3,5,111744.0,11.8,1,11,7,5,0.326
13.0,2,53700.0,9.6,1,3,8,8,0.364
12.3,4,39694.0,7.9,4,8,5,5,0.432
15.0,4,45661.0,10.4,3,10,6,5,0.491
15.0,1,25249.0,14.0,2,5,3,8,0.438
8.6,5,114842.0,8.9,1,11,4,8,0.562
11.7,4,116550.0,13.3,3,4,3,7,0.197
14.2,1,89367.0,8.1,0,8,6,6,0.609
12.8,4,45170.0,5.5,4,3,8,8,0.422
4.1,5,35444.0,6.8,5,9,5,4,0.563
7.0,3,27391.0,8.8,0,5,5,5,0.519
2.4,5,45719.0,7.0,1,9,3,6,0.666
14.3,2,136357.0,5.0,1,6,7,3,0.383
9.3,4,55192.0,13.2,0,11,7,7,0.631
3.8,4,69284.0,12.6,1,7,8,6,0.258
10.2,2,38168.0,11.7,3,5,5,8,0.384
9.5,2,52795.0,6.5,1,10,3,5,0.71
5.7,3,89903.0,6.1,4,8,3,5,0.368
2.1,4,100969.0,5.6,3,4,3,5,0.161
10.2,4,55669.0,11.5,2,5,6,6,0.391
8.0,3,32217.0,13.4,1,10,8,5,0.46
11.7,1,73879.0,8.9,1,9,7,8,0.622
8.0,3,54275.0,6.1,4,8,7,6,0.551
12.9,5,52444.0,9.6,4,3,6,5,0.275
8.5,4,144983.0,8.1,5,11,4,3,0.254
8.6,2,102038.0,8.4,0,5,6,3,0.382
13.2,5,94610.0,10.6,0,7,8,4,0.595
6.4,4,76972.0,11.5,0,9,3,5,0.514
2.4,3,78618.0,6.0,4,9,6,5,0.469
0.9,5,92613.0,5.3,0,5,3,6,0.498
11.4,4,112054.0,13.9,0,6,8,6,0.362
9.5,1,112768.0,7.1,2,9,9,9,0.602
10.7,1,46462.0,5.5,0,10,8,5,0.9
3.6,2,87514.0,6.7,1,4,5,4,0.119
2.5,4,76495.0,5.4,5,11,3,5,0.583
0.7,1,133816.0,8.5,4,9,7,8,0.352
5.6,3,103927.0,12.2,3,10,6,6,0.321
9.1,4,91563.0,8.1,5,8,9,5,0.356
6.2,3,39424.0,9.0,2,8,8,6,0.492
6.8,3,100705.0,11.1,4,11,3,5,0.231
13.6,1,39650.0,9.6,4,6,9,7,0.484
5.5,4,67151.0,12.8,1,7,4,6,0.454
8.0,5,42855.0,12.8,5,11,5,4,0.473
11.9,1,111509.0,5.1,5,3,4,7,0.332
6.2,1,50782.0,12.0,0,6,8,8,0.585
9.5,4,73982.0,9.1,1,9,4,5,0.524
13.0,4,136959.0,13.9,0,11,4,9,0.55
14.3,3,50540.0,9.3,0,8,5,8,0.695
2.6,4,88476.0,13.9,4,10,5,6,0.27
13.9,3,77409.0,11.8,5,11,5,7,0.508
7.6,1,27266.0,7.2,0,6,9,8,0.784
4.2,2,124095.0,9.8,2,3,5,4,0.1
7.2,5,33631.0,13.9,2,10,4,9,0.468
14.7,1,84282.0,12.7,5,4,7,6,0.258
7.6,4,95085.0,5.9,2,3,7,7,0.318
5.3,5,103553.0,11.4,4,9,5,8,0.351
9.7,2,111079.0,8.1,1,11,9,7,0.505
4.0,2,56659.0,5.1,3,11,6,7,0.892
1.6,3,26247.0,8.6,0,5,3,8,0.508
2.4,5,115430.0,7.1,3,8,8,3,0.306
2.4,3,91957.0,12.4,1,9,9,5,0.31
2.7,1,129515.0,8.0,1,11,6,6,0.58
2.5,5,127674.0,12.4,4,4,8,6,0.1
9.8,1,130416.0,5.0,2,10,6,9,0.615
3.1,3,85637.0,7.8,2,9,6,9,0.538
5.5,5,66704.0,7.2,1,6,7,9,0.536
13.5,3,123945.0,7.1,4,4,3,6,0.176
7.4,5,81412.0,5.6,4,10,6,7,0.691
10.2,3,47930.0,6.7,5,7,5,9,0.508
3.0,2,131872.0,10.0,0,8,8,8,0.393
3.3,3,135320.0,7.6,2,9,9,5,0.255
1.1,2,83289.0,8.8,1,3,7,4,0.138
2.9,3,34462.0,8.4,5,10,8,6,0.663
4.5,5,73478.0,12.9,3,6,5,8,0.367
3.1,5,125442.0,13.1,2,11,5,5,0.248
1.8,5,137722.0,9.4,0,3,6,5,0.26
2.2,4,50434.0,8.0,4,4,5,3,0.236
7.2,1,33372.0,6.0,1,8,3,8,0.666
3.5,5,134669.0,13.6,2,3,5,6,0.1
5.8,2,73676.0,5.5,3,6,6,9,0.484
7.8,5,92720.0,7.7,0,10,8,7,0.666
10.5,4,146008.0,7.7,0,7,5,9,0.503
1.1,2,33321.0,7.9,5,11,7,5,0.606
12.1,4,106040.0,6.5,2,8,9,5,0.527
9.6,2,34263.0,12.0,3,3,7,4,0.354
1.7,3,71934.0,6.1,0,8,7,9,0.717
13.2,1,125477.0,10.7,1,8,8,3,0.263
13.9,1,79184.0,6.1,0,8,4,5,0.604
1.4,4,149648.0,5.6,3,10,9,5,0.463
4.5,1,94882.0,13.2,4,8,7,7,0.266
12.2,4,65145.0,6.7,4,7,7,7,0.522
11.3,4,52514.0,12.4,5,4,4,4,0.246
3.2,4,68815.0,9.9,2,6,8,8,0.505
3.5,1,71567.0,5.7,3,7,9,4,0.411
5.9,4,33589.0,13.6,5,6,7,4,0.226
7.5,1,71197.0,7.2,0,4,6,7,0.491
9.5,4,83030.0,12.7,0,9,8,9,0.55
5.8,5,115342.0,6.5,4,4,9,9,0.289
7.2,4,107091.0,12.7,5,3,7,9,0.195
11.3,2,113596.0,5.1,4,7,7,8,0.558
1.0,4,26045.0,9.6,1,3,4,7,0.273
4.2,3,52208.0,11.9,4,3,9,3,0.191
10.8,4,107711.0,13.4,1,3,6,6,0.218
13.5,2,85499.0,13.2,0,8,8,6,0.55
7.9,2,25664.0,12.4,5,11,5,3,0.576
8.2,1,125562.0,13.0,1,3,3,9,0.201
2.1,5,121601.0,6.8,5,7,6,6,0.277
7.0,4,93552.0,7.6,5,11,5,8,0.489
8.2,1,33308.0,7.6,1,11,6,7,0.719
4.0,5,120814.0,8.4,2,3,9,6,0.125
4.4,4,97964.0,8.5,4,10,5,8,0.465
6.0,3,122745.0,9.9,1,3,9,7,0.209
0.8,4,118968.0,6.4,0,10,5,8,0.557
5.2,2,125375.0,11.2,5,3,6,3,0.1
3.6,2,89751.0,6.5,3,7,4,4,0.389
5.2,3,42541.0,7.8,1,10,6,3,0.613
2.2,1,108895.0,9.5,4,8,9,6,0.328
13.4,5,102559.0,12.2,5,11,6,7,0.412
9.1,4,117782.0,11.7,2,3,5,8,0.239
10.3,2,46235.0,10.8,0,11,3,6,0.676
11.9,1,49372.0,6.4,2,3,5,6,0.35
7.7,3,136301.0,9.9,3,5,7,4,0.1
1.8,2,118747.0,5.8,1,3,6,9,0.249
8.3,3,138529.0,8.4,5,5,8,6,0.1
9.0,4,119839.0,8.7,1,4,6,4,0.187
11.3,5,99644.0,5.4,4,4,4,7,0.29
6.8,2,106767.0,7.5,1,11,9,7,0.529
2.3,2,136141.0,13.6,0,10,8,8,0.342
4.6,4,97351.0,13.6,3,3,5,9,0.204
5.8,1,104049.0,8.2,2,6,4,4,0.255
9.9,5,44560.0,5.4,3,3,6,3,0.343
8.8,2,84240.0,6.6,5,3,5,7,0.258
5.7,5,114550.0,8.5,1,6,5,9,0.334
14.8,2,58868.0,13.5,5,4,7,8,0.399
9.3,5,50282.0,6.3,2,5,7,3,0.429
3.9,3,64228.0,11.9,5,11,3,7,0.326
2.0,2,55188.0,6.0,4,4,7,7,0.437
2.7,5,51864.0,13.8,3,6,9,8,0.374
4.1,1,78106.0,8.4,2,3,8,8,0.249
2.8,3,138480.0,12.0,2,4,5,5,0.1
3.2,3,88382.0,8.1,2,7,7,6,0.385
4.6,1,48490.0,10.6,0,3,3,6,0.379
3.0,5,34621.0,6.7,3,9,6,3,0.64
13.5,4,112020.0,6.3,5,6,8,6,0.355
1.7,1,72850.0,13.4,2,8,7,3,0.231
8.1,5,127729.0,13.3,3,10,5,9,0.332
6.5,1,107439.0,13.0,2,8,6,7,0.323
14.7,1,124530.0,10.6,4,4,9,5,0.193
2.1,2,58993.0,12.3,4,3,5,5,0.21
6.3,5,111545.0,5.6,4,10,6,7,0.568
14.6,4,58008.0,8.0,1,10,9,8,0.729
13.0,2,142384.0,7.8,2,11,9,4,0.517
12.3,1,104547.0,10.7,1,8,8,4,0.402
4.2,1,65564.0,8.2,3,3,5,6,0.226
3.0,1,58689.0,6.3,1,11,7,8,0.824
10.2,5,48866.0,10.4,3,5,7,3,0.211
14.0,5,111830.0,12.3,3,8,3,9,0.413
8.6,2,52339.0,8.4,3,11,6,5,0.501
8.8,4,99413.0,6.2,5,5,3,6,0.245
4.6,2,58079.0,6.8,1,7,4,7,0.508
11.7,3,107746.0,7.1,5,7,7,8,0.398
3.2,1,126867.0,7.7,2,9,6,5,0.391
5.2,1,122253.0,10.8,1,6,8,3,0.151
6.7,1,120106.0,10.4,2,6,3,3,0.155
7.9,2,48465.0,11.3,2,9,8,4,0.43
4.0,2,36048.0,8.3,3,11,8,6,0.649
2.2,1,112369.0,12.4,1,6,8,7,0.243
9.4,2,71043.0,6.8,2,6,3,5,0.398
4.7,5,79043.0,9.2,4,8,4,9,0.364
8.9,5,28894.0,12.2,2,8,9,3,0.438
2.7,2,57447.0,6.6,4,9,9,5,0.574
7.5,1,29210.0,6.0,1,3,3,7,0.472
8.2,2,134898.0,13.0,5,5,9,5,0.1
1.3,2,55425.0,8.1,1,11,5,6,0.555
5.4,2,94667.0,11.2,5,8,9,4,0.312
2.4,3,29872.0,5.2,5,8,7,5,0.633
1.4,5,108356.0,11.2,1,7,3,8,0.302
14.9,4,65378.0,7.8,2,5,9,4,0.373
5.2,4,137240.0,5.5,0,7,3,7,0.388
12.2,3,136015.0,10.5,2,3,4,4,0.1
4.2,2,65661.0,7.2,2,5,5,5,0.297
10.4,3,137620.0,8.5,3,6,3,5,0.171
11.5,3,149520.0,5.7,3,7,7,8,0.352
9.1,1,128177.0,6.3,2,11,9,3,0.579
7.3,5,130609.0,7.7,4,6,7,8,0.252
6.5,4,56126.0,5.8,5,5,9,5,0.432
5.6,2,97088.0,13.2,3,3,3,9,0.161
14.0,4,33407.0,5.1,2,8,8,4,0.749
12.5,4,36865.0,9.4,0,9,9,8,0.767
14.5,5,149862.0,6.1,4,10,8,8,0.555
2.3,4,65830.0,7.8,1,3,5,9,0.282
11.1,4,118523.0,13.3,2,6,7,9,0.338
14.1,3,125833.0,6.5,2,7,8,9,0.448
3.1,5,132253.0,13.7,5,4,7,3,0.1
1.5,1,149704.0,6.9,4,3,9,5,0.1
11.2,2,55187.0,11.7,3,10,9,5,0.45
8.8,4,30044.0,9.9,3,8,5,7,0.542
12.7,2,76399.0,13.0,3,7,9,3,0.432
2.5,1,41260.0,10.0,1,11,5,7,0.543
12.0,2,27803.0,9.8,4,4,8,7,0.445
3.4,1,70053.0,6.8,4,10,9,7,0.51
2.9,3,122967.0,6.5,3,11,3,6,0.49
2.9,4,95773.0,13.2,3,3,6,7,0.1
12.3,1,64097.0,8.0,5,9,4,8,0.5
10.1,2,106793.0,8.3,0,10,6,4,0.512
8.1,4,54002.0,11.8,0,5,6,8,0.538
5.7,3,26798.0,8.0,2,6,7,8,0.574
13.2,4,120544.0,13.6,2,5,5,5,0.171
6.2,1,102968.0,11.6,4,9,7,6,0.261
12.3,3,120288.0,10.4,4,11,8,7,0.495
6.9,2,29867.0,12.9,1,5,4,5,0.338
6.0,3,129640.0,5.4,1,8,8,3,0.343
7.2,3,102441.0,7.3,0,10,3,3,0.582
4.9,5,95424.0,9.2,2,8,4,5,0.265
11.3,3,103077.0,7.0,0,4,7,4,0.442
7.8,3,133054.0,11.7,0,9,9,5,0.387
3.9,4,98367.0,13.3,2,4,9,5,0.21
13.5,2,97619.0,8.8,1,4,7,6,0.389
6.1,4,148835.0,8.1,5,4,8,3,0.1
8.4,4,119591.0,13.7,5,3,7,3,0.1
13.6,1,80287.0,9.0,5,3,7,7,0.267
9.6,4,113425.0,9.4,2,9,6,8,0.478
2.2,5,73654.0,8.2,3,7,3,5,0.286
14.1,5,53609.0,13.2,3,5,9,5,0.334
9.6,1,99606.0,10.1,3,3,6,4,0.173
5.4,2,141023.0,11.9,4,8,7,9,0.191
2.5,2,141142.0,12.3,1,3,5,9,0.109
12.0,4,67738.0,8.1,1,11,6,3,0.528
9.5,4,90960.0,8.9,4,4,7,4,0.327
8.2,4,51454.0,12.6,0,3,9,6,0.381
13.5,2,149454.0,8.3,5,9,7,7,0.322
11.9,3,147640.0,12.1,3,8,3,4,0.137
2.7,5,106189.0,13.5,5,8,8,3,0.27
5.0,3,125552.0,10.6,3,7,4,6,0.117
4.1,3,114388.0,11.7,5,6,6,5,0.246
11.3,2,99145.0,12.2,0,6,6,6,0.444
1.0,3,31668.0,12.6,5,5,6,8,0.354
8.8,1,81846.0,8.6,5,10,7,4,0.401
11.6,4,109348.0,5.5,2,9,3,3,0.53
13.2,1,109691.0,8.6,5,11,7,4,0.413
5.5,5,71640.0,11.1,2,3,7,5,0.286
12.4,4,142711.0,9.1,1,9,8,9,0.378
2.1,3,45920.0,11.7,4,6,5,5,0.288
12.8,5,87545.0,8.2,5,9,3,3,0.358
2.3,4,111360.0,10.7,1,3,6,8,0.128
6.3,3,112142.0,6.7,2,7,4,7,0.4
12.1,1,106080.0,11.7,5,5,6,6,0.234
2.7,4,59411.0,9.9,5,7,7,6,0.414
3.8,3,44526.0,6.8,0,6,3,5,0.464
11.0,1,104493.0,7.6,1,4,9,4,0.348
10.9,5,99913.0,11.7,3,6,3,9,0.398
9.8,5,47420.0,9.3,3,5,3,4,0.299
10.6,5,113142.0,6.9,0,3,5,8,0.457
8.4,5,81896.0,13.7,2,10,6,7,0.376
4.2,2,108470.0,11.4,3,7,5,4,0.117
5.5,4,129671.0,13.6,3,6,9,6,0.144
3.1,4,46216.0,8.8,4,7,9,9,0.537
13.7,2,27393.0,9.3,1,6,8,4,0.488
9.0,3,122388.0,13.1,2,5,4,9,0.162
6.3,3,101212.0,9.7,5,7,8,7,0.336
7.2,5,112455.0,11.4,1,6,7,6,0.268
14.2,1,129769.0,7.3,2,3,5,9,0.251
2.7,3,125351.0,9.0,3,5,5,4,0.124
9.0,1,145115.0,6.1,4,10,8,6,0.499
7.8,4,91992.0,6.9,1,9,7,5,0.513
9.4,1,86062.0,5.0,3,4,3,5,0.316
0.8,4,75236.0,5.4,2,3,7,8,0.259
13.1,2,44211.0,13.8,1,5,6,5,0.459
14.0,2,96576.0,7.2,5,7,8,4,0.362
8.7,5,59627.0,11.0,1,3,7,7,0.394
10.6,3,140163.0,12.6,3,5,3,6,0.1
13.9,5,97899.0,10.0,1,5,7,9,0.392
10.8,4,99105.0,6.4,5,7,5,3,0.329
2.7,5,69366.0,11.6,4,5,4,5,0.155
8.9,1,31499.0,10.4,4,11,5,5,0.459
9.3,4,28968.0,11.6,3,3,9,3,0.268
6.6,2,77917.0,11.9,2,6,4,9,0.305
11.2,3,35571.0,13.8,3,6,9,9,0.477
14.0,4,100856.0,10.2,4,3,7,3,0.21
13.9,4,135122.0,8.1,0,4,6,9,0.355
7.0,1,135364.0,10.8,0,3,7,4,0.157
2.1,3,107381.0,5.6,1,8,3,9,0.433
14.8,2,51404.0,13.1,5,5,7,6,0.377
12.7,4,132875.0,6.1,1,9,4,9,0.613
2.3,4,135762.0,8.0,0,7,5,5,0.41
13.9,1,49582.0,12.3,4,11,6,7,0.564
13.1,5,117178.0,10.4,1,9,9,4,0.424
8.0,2,60815.0,8.5,3,6,7,4,0.453
9.1,3,125330.0,9.3,5,7,7,9,0.313
6.3,4,149655.0,12.7,3,7,5,7,0.159
1.3,4,28753.0,8.1,5,7,6,7,0.451
5.4,2,137171.0,12.8,4,11,8,8,0.218
12.1,5,102829.0,5.8,1,5,9,7,0.412
0.6,4,146673.0,12.0,5,8,7,9,0.165
5.3,2,83126.0,12.6,3,10,7,9,0.411
6.3,1,130923.0,6.6,1,11,8,3,0.616
8.3,5,32799.0,8.9,1,9,9,5,0.624
13.8,3,66910.0,6.5,3,5,4,8,0.494
5.5,4,33377.0,11.4,0,3,4,9,0.454
5.5,2,146918.0,9.8,5,6,3,3,0.1
11.2,1,127122.0,10.7,3,8,5,8,0.222
7.1,3,131568.0,6.8,4,5,6,5,0.154
3.8,2,142246.0,6.9,2,3,7,8,0.16
7.1,2,35638.0,5.4,3,8,9,3,0.645
2.5,3,73200.0,7.9,1,3,7,6,0.326
3.1,1,33879.0,10.0,1,11,3,9,0.623
7.7,1,51349.0,12.7,3,3,9,5,0.262
6.6,5,53671.0,11.0,2,8,9,4,0.533
13.8,4,83638.0,8.9,3,3,7,5,0.248
5.8,3,58570.0,13.6,2,9,5,5,0.424
8.9,3,37622.0,11.5,2,5,3,5,0.321
9.7,3,45936.0,13.4,4,8,5,6,0.424
0.7,1,43409.0,9.7,5,9,3,9,0.5
10.1,4,146635.0,7.3,1,3,7,3,0.127
3.1,5,119912.0,5.5,1,3,3,9,0.102
14.4,2,145970.0,11.5,2,7,4,4,0.169
2.7,2,79968.0,6.1,1,8,9,3,0.577
6.5,3,59796.0,7.7,0,11,6,8,0.809
1.7,4,124787.0,9.8,2,3,7,8,0.148
15.0,1,65782.0,10.1,1,6,8,8,0.405
7.8,4,62423.0,10.4,0,10,6,3,0.538
9.1,4,54063.0,6.5,4,11,7,7,0.74
1.5,1,41210.0,8.4,1,5,6,6,0.428
11.4,3,57058.0,10.6,0,4,4,7,0.525
3.5,4,69415.0,13.7,3,6,6,9,0.297
13.5,2,109249.0,11.5,5,4,3,8,0.203
3.5,1,32821.0,13.3,3,3,6,6,0.279
3.3,5,51313.0,11.9,0,5,7,3,0.36
1.0,3,126128.0,10.3,2,9,8,8,0.196
7.3,1,43365.0,6.7,2,3,8,3,0.354
8.7,5,67831.0,11.0,1,4,5,6,0.321
1.5,5,133082.0,10.6,3,3,9,3,0.1
11.7,4,44366.0,10.4,2,10,6,3,0.429
7.1,4,35342.0,9.4,2,7,8,4,0.496
8.1,4,85567.0,9.8,3,10,6,9,0.464
6.9,1,62802.0,8.0,4,5,9,7,0.413
6.3,1,95426.0,9.7,2,9,8,7,0.512
8.6,3,125476.0,6.8,5,10,9,7,0.386
2.8,4,42144.0,12.2,0,8,6,5,0.49
3.1,5,97587.0,6.7,1,9,7,4,0.475
13.0,2,88189.0,5.8,2,4,6,8,0.46
14.2,3,43010.0,8.9,5,10,9,8,0.566
5.9,1,103000.0,10.9,5,7,7,8,0.378
4.4,3,59205.0,8.9,2,9,7,7,0.514
9.8,3,85979.0,7.5,4,3,5,9,0.263
6.4,3,35284.0,10.0,0,7,8,7,0.616
0.9,3,82448.0,8.1,1,3,3,9,0.227
2.8,2,63308.0,13.4,2,10,7,4,0.419
10.9,4,127798.0,13.3,1,6,9,9,0.244
10.1,5,32122.0,9.5,3,6,8,3,0.443
0.9,3,77326.0,8.0,5,4,4,7,0.195
3.7,3,82304.0,11.6,5,7,6,8,0.257
3.9,3,115626.0,5.3,2,3,9,3,0.306
10.2,4,96786.0,9.3,2,11,4,7,0.502
0.8,1,108402.0,8.0,3,7,9,6,0.338
2.0,1,122131.0,13.3,4,8,6,5,0.208
12.1,2,132775.0,5.1,2,4,5,7,0.202
3.1,1,64234.0,10.0,5,3,9,6,0.323
10.0,3,92253.0,11.7,1,6,7,4,0.175
4.0,3,130014.0,9.4,0,9,3,6,0.359
1.9,3,148681.0,5.8,1,8,7,4,0.335
4.0,2,136190.0,13.8,4,3,6,7,0.1
11.0,3,71433.0,9.7,0,3,9,4,0.421
12.9,1,49396.0,10.5,1,10,3,6,0.543
12.5,4,86174.0,7.1,1,6,7,9,0.5
6.3,4,117705.0,9.4,3,7,3,5,0.161
10.2,5,86571.0,8.9,4,9,6,3,0.308
3.5,1,85398.0,5.7,5,10,5,3,0.565
4.8,3,129779.0,6.0,3,9,5,5,0.44
13.5,4,70175.0,12.5,0,4,9,8,0.574
0.7,1,132474.0,7.2,5,6,7,3,0.112
1.7,4,75851.0,6.8,3,3,4,7,0.253
3.5,3,66029.0,9.5,4,11,6,8,0.497
0.9,4,81749.0,11.9,2,5,7,7,0.307
3.1,5,120306.0,5.6,2,5,7,6,0.335
9.0,5,40750.0,10.2,0,11,5,6,0.716
6.6,4,49552.0,6.1,2,5,9,8,0.491
13.4,1,143931.0,5.3,3,10,3,8,0.607
12.4,1,46936.0,5.5,0,4,6,8,0.658
5.5,1,95966.0,12.5,5,5,3,8,0.145
4.3,4,97414.0,6.1,4,4,8,4,0.166
6.0,1,86203.0,5.4,0,3,8,9,0.458
9.1,3,105593.0,8.9,5,4,6,8,0.298
4.4,5,53728.0,12.6,0,10,9,9,0.7
9.6,3,94083.0,7.4,1,11,4,8,0.561
6.4,1,71522.0,8.8,1,4,8,6,0.285
8.5,3,107708.0,5.4,0,9,5,7,0.769
6.8,1,42653.0,9.0,2,7,4,9,0.433
4.8,4,96360.0,10.2,1,5,7,6,0.302
14.3,3,48159.0,10.1,4,11,8,3,0.521
11.6,4,59830.0,8.0,5,8,5,4,0.529
2.5,4,52339.0,7.8,3,3,7,4,0.212
13.1,2,47855.0,6.0,1,7,4,7,0.685
7.6,1,128214.0,8.3,0,9,6,8,0.531
13.5,5,60713.0,5.9,2,6,7,6,0.548
12.1,1,140890.0,11.9,3,10,3,3,0.1
6.7,5,146241.0,13.7,5,7,6,6,0.1
0.8,1,96408.0,13.7,5,11,6,8,0.298
4.4,4,42875.0,12.8,1,11,4,8,0.538
8.4,3,71819.0,10.4,5,11,4,5,0.373
9.7,3,124717.0,11.3,5,3,5,6,0.1
4.2,2,70924.0,7.6,2,4,5,7,0.33
2.5,5,35877.0,10.7,2,5,3,6,0.355
12.6,5,94598.0,9.1,2,6,6,4,0.305
14.8,5,130640.0,9.3,0,11,9,3,0.593
8.1,4,124491.0,11.8,5,8,3,9,0.173
3.0,5,46890.0,7.5,5,3,3,7,0.242
4.4,3,109096.0,7.9,5,11,9,5,0.541
0.8,4,52563.0,13.3,4,8,9,3,0.313
13.8,1,52276.0,5.5,2,6,9,3,0.558
2.2,5,134259.0,9.4,3,6,4,9,0.295
8.9,5,56209.0,13.2,1,5,3,4,0.228
4.5,1,57906.0,10.5,3,9,3,4,0.405
8.5,5,25082.0,9.9,0,5,7,4,0.63
9.9,1,133834.0,7.2,0,4,9,7,0.354
12.5,4,124074.0,8.1,5,10,9,6,0.486
3.5,3,103416.0,12.7,3,6,5,3,0.1
0.7,1,118783.0,10.0,5,10,5,6,0.237
2.5,2,44006.0,9.6,4,3,6,6,0.279
13.6,1,82290.0,5.9,0,7,5,4,0.658
13.2,5,68902.0,5.1,0,11,8,6,0.9
9.2,4,36722.0,13.7,3,3,6,3,0.338
9.2,4,85766.0,8.4,0,6,9,3,0.47
10.1,1,140092.0,10.4,4,8,7,8,0.326
3.0,3,30007.0,5.7,4,10,5,5,0.678
13.8,2,61433.0,11.1,4,5,7,7,0.409
6.6,4,50943.0,13.4,1,7,5,6,0.402
6.1,5,54768.0,10.2,4,9,5,7,0.468
8.0,5,138554.0,6.1,4,3,7,7,0.165
1.2,3,83509.0,10.2,1,9,3,7,0.304
2.9,4,83287.0,11.9,5,10,3,9,0.293
11.2,1,120072.0,8.7,2,10,3,8,0.429
1.7,5,44312.0,12.9,0,11,8,7,0.543
9.2,3,85908.0,10.8,4,8,3,8,0.384
4.1,4,78748.0,13.1,0,8,5,3,0.435
6.1,4,99614.0,10.6,3,4,9,9,0.274
4.7,4,149945.0,6.2,0,5,4,6,0.248
5.7,4,121181.0,7.8,5,6,7,8,0.338
10.9,4,74733.0,6.8,1,6,9,5,0.589
4.8,5,128444.0,13.2,0,10,4,7,0.382
8.7,3,46339.0,11.8,0,3,9,9,0.539
7.4,4,28808.0,11.1,0,6,8,5,0.579
10.1,2,50556.0,7.7,2,6,4,3,0.426
14.1,2,67551.0,6.7,2,3,6,3,0.294
11.1,3,88823.0,11.8,3,5,3,4,0.196
3.6,1,101891.0,9.3,1,7,8,7,0.408
1.0,1,138826.0,7.0,0,8,9,4,0.551
4.3,1,88732.0,10.5,0,11,5,9,0.525
9.1,2,87659.0,5.4,0,11,3,5,0.812
1.2,1,31280.0,7.9,0,11,3,6,0.686
7.7,5,29364.0,9.2,2,3,4,4,0.39
9.2,4,93895.0,6.3,5,11,6,3,0.532
5.3,2,79772.0,13.9,5,10,3,7,0.235
11.7,3,129898.0,6.9,3,4,9,5,0.25
2.0,3,45085.0,6.2,4,3,9,8,0.448
1.6,4,28121.0,6.8,1,3,7,9,0.476
11.1,2,81130.0,11.9,5,8,7,9,0.405
7.7,1,54685.0,8.8,0,11,3,3,0.668
10.5,1,31202.0,10.1,5,9,4,8,0.603
6.8,5,115575.0,5.2,3,7,4,9,0.404
4.1,5,38949.0,5.3,4,4,5,6,0.39
12.4,1,101040.0,9.0,5,3,8,7,0.201
12.1,3,60131.0,12.3,3,4,8,6,0.263
10.6,3,46687.0,13.0,2,3,8,9,0.359
4.4,5,72469.0,5.8,4,5,6,6,0.418
9.1,4,125181.0,9.8,3,8,4,9,0.333
5.7,1,74012.0,13.2,5,10,5,7,0.387
1.8,5,118846.0,8.5,2,5,7,7,0.22
13.8,5,40686.0,12.5,3,11,9,8,0.626
2.5,1,121596.0,6.2,3,7,8,6,0.305
14.3,1,54617.0,13.4,5,9,7,5,0.406
7.0,3,109674.0,11.8,4,10,7,8,0.356
3.2,4,95723.0,13.5,2,5,3,7,0.188
8.4,4,141143.0,11.1,0,4,6,3,0.214
13.2,1,73415.0,8.3,1,4,5,9,0.4
11.1,2,33271.0,13.4,4,7,6,8,0.425
12.2,5,27394.0,7.5,2,3,3,4,0.514
10.1,5,128357.0,8.0,3,4,5,5,0.195
10.5,1,90592.0,11.3,2,11,5,9,0.498
12.8,2,121906.0,11.9,1,9,4,8,0.345
4.1,3,54303.0,13.4,5,8,6,7,0.327
7.6,1,68135.0,6.8,1,11,6,7,0.699
3.7,1,28763.0,12.2,0,9,4,5,0.584
14.8,5,145187.0,11.6,0,7,7,4,0.241
14.2,1,108483.0,5.6,1,11,3,8,0.649
1.1,1,141651.0,8.5,4,8,6,8,0.21
10.7,1,58187.0,7.5,4,8,4,6,0.501
13.9,5,101433.0,7.7,3,6,9,3,0.324
3.1,3,109812.0,13.8,0,3,5,7,0.317
8.7,3,64694.0,10.8,3,7,8,8,0.346
13.8,1,131014.0,11.5,0,11,9,8,0.518
1.0,5,143395.0,13.8,1,10,4,9,0.31
10.6,3,135607.0,8.4,4,10,8,9,0.439
4.8,3,117383.0,12.2,4,7,7,8,0.27
13.9,3,59683.0,8.9,1,11,3,4,0.691
14.6,5,60202.0,12.8,3,5,8,3,0.28
14.2,5,145420.0,6.6,3,5,7,8,0.271
7.4,1,26286.0,13.5,2,3,8,5,0.327
13.0,4,114506.0,7.0,0,11,5,7,0.61
12.7,3,113281.0,7.9,3,8,5,6,0.362
5.1,4,102836.0,11.8,1,4,5,9,0.286
12.5,5,148764.0,8.5,3,10,5,5,0.357
1.0,5,63985.0,10.5,4,11,4,7,0.464
9.1,5,67496.0,9.0,0,11,5,9,0.71
3.8,4,34867.0,11.7,5,4,9,4,0.262
2.2,5,80350.0,7.1,2,4,5,9,0.37
1.6,1,57631.0,5.5,0,9,9,3,0.727
10.6,5,67923.0,7.7,4,6,4,3,0.349
5.4,2,129321.0,9.3,4,3,5,7,0.1
11.0,4,141936.0,6.5,4,10,7,5,0.517
1.4,2,48217.0,8.2,4,4,7,6,0.354
5.1,5,71564.0,8.6,1,5,6,4,0.26
8.3,1,141079.0,5.5,2,7,7,7,0.336
12.0,3,32726.0,10.2,5,5,3,4,0.37
5.1,5,36545.0,13.0,4,9,3,3,0.343
9.6,1,45349.0,6.4,4,9,3,8,0.608
13.3,4,99402.0,10.4,3,4,4,8,0.294
9.4,2,43809.0,11.0,2,9,7,6,0.516
3.9,2,146010.0,8.8,0,8,9,4,0.374
0.9,2,80839.0,11.3,2,11,3,7,0.426
13.1,4,87690.0,8.7,2,11,6,6,0.532
0.8,1,55832.0,9.5,5,4,4,9,0.351
13.2,4,83870.0,5.1,2,9,6,9,0.685
8.2,2,107739.0,11.2,5,7,7,5,0.268
14.1,5,118897.0,11.0,4,8,5,8,0.384
12.1,3,119234.0,5.3,4,3,6,7,0.157
15.0,4,97236.0,8.3,1,9,5,4,0.458
5.6,4,138045.0,13.8,5,8,4,6,0.176
11.6,1,127176.0,8.8,5,6,6,7,0.302
6.3,1,119631.0,9.5,0,3,6,6,0.256
7.5,4,31951.0,13.2,3,11,8,6,0.488
9.6,2,25860.0,11.5,2,6,4,6,0.474
13.2,3,51556.0,10.2,0,4,4,4,0.508
14.8,1,107940.0,12.2,5,10,3,7,0.275
11.6,2,76400.0,12.8,0,4,7,3,0.31
6.6,5,75301.0,9.1,1,7,6,3,0.382
6.6,1,135573.0,9.3,3,8,6,4,0.252
11.2,2,136945.0,8.5,5,10,9,9,0.418
4.0,2,138647.0,13.7,5,3,4,4,0.1
2.1,3,64235.0,11.3,2,3,4,8,0.196
5.6,3,111382.0,5.7,3,6,7,6,0.248
4.7,5,58954.0,12.8,1,7,4,7,0.351
4.8,2,48826.0,9.3,4,11,5,7,0.547
3.9,2,48079.0,5.6,0,9,5,5,0.759
1.1,3,67763.0,9.9,2,9,8,5,0.357
0.8,1,78745.0,8.8,5,10,5,3,0.271
14.8,1,128869.0,12.9,4,7,5,5,0.165
6.7,4,39986.0,6.8,1,7,7,5,0.613
6.1,3,116866.0,12.4,3,3,6,3,0.116
10.4,4,91432.0,10.0,0,11,5,8,0.689
3.7,3,60993.0,5.5,2,8,8,9,0.61
14.3,5,86602.0,13.7,5,11,4,3,0.27
11.9,2,62493.0,9.6,5,5,5,9,0.398
1.8,5,99510.0,7.6,4,7,8,5,0.345
6.6,3,79230.0,9.2,4,4,7,7,0.286
13.2,2,45551.0,12.7,0,7,9,5,0.482
14.2,1,39573.0,7.7,3,10,9,6,0.649
7.3,1,93337.0,6.7,1,4,9,9,0.39
9.4,4,137802.0,6.2,3,10,4,9,0.527
2.9,3,67995.0,7.7,3,6,8,6,0.416
14.9,3,116625.0,12.0,3,3,5,6,0.157
3.9,1,107333.0,9.2,0,7,6,8,0.465
14.2,5,141444.0,7.0,0,3,4,4,0.251
9.9,2,127623.0,6.5,1,9,4,6,0.504
9.3,5,95826.0,8.0,3,10,9,9,0.571
7.9,5,107129.0,13.5,0,5,6,7,0.344
3.8,1,137298.0,8.1,1,5,9,9,0.26
3.1,1,74940.0,13.9,5,9,4,9,0.325
3.7,1,65849.0,9.4,1,6,5,8,0.423
3.2,4,26351.0,6.6,3,5,9,4,0.462
11.8,5,128319.0,13.0,2,10,9,4,0.316
5.6,3,125123.0,9.1,3,5,9,6,0.267
1.3,2,38057.0,11.4,2,9,4,5,0.426
14.6,4,97107.0,13.9,1,4,5,9,0.271
13.3,3,82998.0,5.5,5,3,6,3,0.293
14.0,5,39839.0,5.9,5,8,3,5,0.534
14.9,1,147571.0,11.5,0,10,6,5,0.366
3.0,5,51837.0,7.5,5,3,5,4,0.239
6.2,2,33404.0,6.7,4,11,7,4,0.717
11.5,4,99356.0,5.4,1,5,9,8,0.419
10.6,4,117358.0,5.2,0,5,6,8,0.492
2.7,2,29055.0,12.0,5,6,7,4,0.303
12.3,3,107340.0,6.2,1,3,7,7,0.281
3.8,3,91536.0,9.2,3,11,5,7,0.495
3.7,4,37908.0,10.5,5,5,5,3,0.31
8.3,4,46565.0,8.9,2,6,9,4,0.431
9.1,1,95997.0,5.2,1,3,3,6,0.252
8.9,3,62045.0,12.1,0,6,8,8,0.463
1.8,2,142289.0,5.1,3,3,4,4,0.124
13.2,3,127343.0,11.9,4,7,6,7,0.267
4.4,1,147946.0,13.0,3,7,5,4,0.1
2.4,4,57459.0,8.9,5,9,6,7,0.491
13.4,4,146215.0,9.8,2,10,8,4,0.326
14.4,1,78904.0,9.3,3,6,8,9,0.421
13.0,2,68440.0,8.5,4,9,9,6,0.556
12.2,4,31294.0,13.0,0,6,7,3,0.494
10.0,5,31596.0,13.0,1,5,9,9,0.484
8.5,4,111501.0,8.0,2,8,4,6,0.363
1.8,5,82241.0,10.5,4,6,3,7,0.207
6.4,1,53315.0,13.3,5,5,6,8,0.344
5.9,1,101746.0,13.7,5,11,4,8,0.404
4.3,4,56607.0,9.6,5,7,3,5,0.285
11.0,3,97204.0,9.1,2,9,6,6,0.345
7.7,5,69901.0,7.5,3,8,4,4,0.323
1.7,2,127944.0,13.6,2,7,5,3,0.1
3.7,4,127587.0,6.3,5,9,6,4,0.33
10.4,2,84669.0,10.2,4,8,4,4,0.326
1.6,4,68852.0,7.5,1,4,8,6,0.347
12.8,3,70320.0,7.5,1,5,3,3,0.277
7.7,3,125714.0,8.6,2,4,4,5,0.1
7.5,3,66022.0,14.0,5,5,5,9,0.301
9.1,3,51132.0,5.5,0,3,9,4,0.516
12.5,1,35586.0,10.2,2,10,6,3,0.521
5.5,1,83337.0,5.7,5,8,6,5,0.4
10.3,5,85267.0,6.4,3,4,6,9,0.382
8.7,2,130114.0,9.0,1,10,5,4,0.429
4.4,4,52655.0,9.6,1,8,3,3,0.416
13.2,4,72624.0,7.3,1,9,6,9,0.606
12.1,1,126051.0,7.8,0,3,3,6,0.28
10.0,4,127953.0,5.8,5,9,4,8,0.408
12.8,1,73076.0,7.7,5,5,8,8,0.457
13.1,5,82391.0,13.7,5,10,8,4,0.365
10.8,2,62911.0,13.5,5,8,3,4,0.209
12.6,5,141569.0,8.0,0,6,3,9,0.387
10.6,3,39830.0,10.1,4,10,8,3,0.539
10.4,3,141719.0,13.2,2,11,6,8,0.29
9.5,3,110483.0,5.1,2,4,7,4,0.27
11.4,5,91447.0,12.3,5,8,7,5,0.244
2.8,4,29082.0,13.5,3,7,5,4,0.366
13.3,2,84450.0,5.8,1,7,9,8,0.584
13.1,3,75969.0,6.5,0,5,8,7,0.475
0.9,3,45152.0,13.6,3,10,8,8,0.429
12.5,3,107051.0,9.8,3,10,5,5,0.434
2.4,2,146394.0,5.1,5,7,7,3,0.255
5.4,3,95274.0,7.3,0,10,4,5,0.691
11.3,2,114344.0,9.0,2,10,6,7,0.464
2.8,3,33556.0,11.2,1,5,6,7,0.424
12.4,5,77208.0,11.6,2,4,4,4,0.229
12.6,5,39545.0,14.0,3,11,4,4,0.452
7.9,2,101599.0,7.6,1,4,7,8,0.308
0.6,5,142310.0,9.8,4,11,5,6,0.244
4.7,2,107722.0,9.8,3,6,4,5,0.219
9.4,5,34600.0,8.7,2,4,5,8,0.374
14.7,5,69333.0,6.5,2,3,9,6,0.324
9.7,2,93833.0,13.8,5,6,3,8,0.168
4.3,4,75401.0,12.7,2,11,6,7,0.523
9.7,5,129206.0,9.5,0,11,7,4,0.538
8.3,3,126834.0,10.4,3,6,6,4,0.18
11.8,4,101479.0,7.0,1,11,7,8,0.613
2.1,2,71682.0,9.9,2,8,3,4,0.347
11.5,4,56917.0,11.3,5,3,6,3,0.218
8.3,1,38234.0,9.6,5,8,3,8,0.482
14.5,1,69362.0,13.9,2,11,7,7,0.441
5.5,5,76647.0,10.5,0,4,4,9,0.417
9.7,5,109478.0,8.3,5,8,9,8,0.385
14.0,3,107270.0,11.9,1,4,6,8,0.246
2.0,4,33764.0,6.5,3,6,3,4,0.449
14.1,1,74407.0,8.5,4,10,8,7,0.492
10.5,5,47722.0,8.1,0,9,6,8,0.77
1.5,4,44602.0,8.9,5,11,6,4,0.539
4.9,5,128413.0,12.0,3,9,6,5,0.168
10.8,5,30239.0,9.4,4,3,5,7,0.314
1.5,1,77398.0,12.1,2,4,3,6,0.167
8.9,1,46025.0,10.2,2,8,3,3,0.415
5.5,5,134916.0,8.1,1,9,6,6,0.361
9.5,2,94630.0,12.3,4,5,4,9,0.264
1.2,5,53923.0,7.1,2,11,6,7,0.734
13.1,5,87803.0,7.0,2,9,5,8,0.542
14.6,3,116436.0,9.5,5,8,7,4,0.222
14.5,3,144765.0,7.3,1,8,5,9,0.473
11.4,3,52556.0,5.1,3,3,4,7,0.461
2.4,2,135773.0,10.8,2,7,6,3,0.149
11.5,2,141788.0,9.6,0,5,3,7,0.242
0.9,5,139553.0,9.0,0,9,9,9,0.465
0.8,3,104427.0,13.7,3,5,8,4,0.1
5.2,2,103728.0,10.1,4,7,6,6,0.289
7.6,1,75401.0,12.8,1,9,4,5,0.305
11.7,5,119050.0,6.3,5,5,3,6,0.23
10.4,4,91412.0,10.1,0,4,5,4,0.296
7.0,5,109680.0,12.8,0,8,7,9,0.458
4.5,4,78557.0,10.2,3,10,7,4,0.376
15.0,3,116437.0,11.5,4,6,9,3,0.232
6.7,4,128059.0,8.3,4,11,6,7,0.417
7.0,3,43305.0,5.8,3,10,5,7,0.673
2.9,1,129116.0,9.1,0,9,9,6,0.493
12.0,4,92537.0,8.6,1,9,8,9,0.559
10.6,5,130583.0,12.8,0,5,8,5,0.25
3.7,3,78913.0,7.2,4,8,9,5,0.554
1.7,5,72380.0,13.7,5,7,4,3,0.206
10.4,2,139383.0,13.6,0,3,7,4,0.189
10.0,3,56396.0,7.2,1,5,5,3,0.47
4.5,4,130527.0,8.1,2,3,6,7,0.216
14.3,3,85503.0,13.1,0,6,3,8,0.442
2.7,5,89262.0,13.7,3,5,6,8,0.23
6.8,1,63559.0,9.0,2,6,6,8,0.36
14.2,3,96630.0,7.9,3,11,5,4,0.508
6.6,4,65651.0,9.7,3,5,7,3,0.265
9.8,2,29909.0,11.2,3,8,5,9,0.527
6.3,1,59000.0,7.5,0,8,3,6,0.626
4.5,2,25797.0,11.6,4,9,9,7,0.541
14.8,3,147294.0,5.5,2,11,5,8,0.646
6.4,5,145718.0,5.4,1,9,4,9,0.459
13.5,5,74394.0,8.5,4,3,6,5,0.21
3.8,4,116046.0,8.2,0,10,7,3,0.475
3.6,5,68226.0,7.8,3,7,8,7,0.42
1.0,1,108887.0,9.4,1,11,3,7,0.463
9.9,5,125679.0,7.9,2,7,8,5,0.263
5.8,4,143345.0,6.7,4,7,6,5,0.23
13.0,3,75027.0,7.8,5,4,5,5,0.332
7.4,3,122912.0,13.8,4,5,8,8,0.157
14.5,5,58241.0,8.7,1,11,4,8,0.697
3.2,2,148792.0,9.0,0,9,5,3,0.327
13.1,3,28221.0,10.2,2,3,6,5,0.388
11.8,5,100441.0,13.9,1,5,8,6,0.274
11.7,4,107438.0,7.2,3,4,9,7,0.329
12.7,5,111006.0,11.1,2,3,3,5,0.1
11.5,3,40048.0,11.4,4,11,8,7,0.558
9.6,4,142316.0,10.5,1,10,9,4,0.351
2.4,5,47648.0,5.8,4,7,9,9,0.614
1.0,1,102844.0,11.1,4,4,8,4,0.19
13.9,4,52835.0,5.6,4,3,7,5,0.35
9.4,1,63402.0,10.4,0,9,8,7,0.706
12.0,2,93307.0,11.7,4,4,6,9,0.228
7.5,4,77149.0,6.9,3,3,9,4,0.324
2.2,1,45028.0,12.6,3,4,3,5,0.265
2.3,3,46367.0,5.3,2,9,6,7,0.65
10.4,3,77268.0,12.6,5,9,4,5,0.339
6.7,2,119660.0,9.1,4,8,5,8,0.302
3.4,4,137246.0,7.0,4,7,8,7,0.316
7.6,4,35516.0,6.2,1,5,7,4,0.487
1.4,4,74138.0,13.6,0,5,3,5,0.301
8.9,2,37531.0,5.7,5,11,7,4,0.836
4.4,4,27074.0,6.8,2,6,7,5,0.5
12.1,3,107715.0,8.1,5,11,7,3,0.495
5.0,1,100306.0,10.6,4,6,8,4,0.202
7.1,3,45377.0,9.9,1,4,3,4,0.4
0.7,3,54227.0,6.1,0,6,3,6,0.516
1.6,1,27963.0,7.6,2,8,9,9,0.59
6.2,3,129368.0,7.1,5,8,7,8,0.436
7.5,2,146836.0,6.9,2,7,9,4,0.262
9.2,1,41932.0,8.7,4,3,9,7,0.444
4.7,3,53934.0,11.3,2,5,5,9,0.4
10.6,5,133551.0,7.0,1,7,8,5,0.364
13.0,3,140808.0,8.3,2,8,8,3,0.211
11.8,2,77453.0,8.5,3,3,6,7,0.277
1.1,4,31328.0,13.8,1,11,9,9,0.582
7.5,3,29924.0,13.6,5,5,8,7,0.435
2.0,4,96744.0,12.2,0,5,7,7,0.428
4.0,5,74112.0,7.2,0,4,4,7,0.39
14.8,3,28582.0,5.6,4,10,7,9,0.9
2.6,1,97907.0,7.9,4,5,3,3,0.192
7.7,4,26413.0,7.4,3,8,8,6,0.655
9.5,5,123421.0,9.6,5,4,8,8,0.217
10.7,1,63304.0,12.0,0,9,6,4,0.445
8.6,1,30032.0,12.7,0,6,9,9,0.616
0.6,1,98544.0,12.6,0,11,4,7,0.398
5.2,1,74711.0,8.2,0,11,8,4,0.664
8.0,3,146725.0,11.2,2,9,6,9,0.33
1.8,3,93025.0,7.8,5,10,6,4,0.415
5.6,3,59405.0,5.5,1,5,4,7,0.526
1.0,5,113680.0,11.3,1,7,7,6,0.27
1.6,5,58937.0,5.1,3,4,7,9,0.349
6.3,5,138030.0,8.7,2,9,7,4,0.166
2.4,2,71840.0,8.0,0,10,5,5,0.625
8.7,5,93734.0,11.2,0,11,9,4,0.548
10.5,3,31322.0,11.9,4,9,9,8,0.5
12.1,3,78265.0,7.7,4,10,7,7,0.485
3.4,2,129045.0,12.3,3,11,4,3,0.161
2.9,2,125706.0,7.6,0,8,5,4,0.403
2.0,5,53040.0,9.0,3,4,9,6,0.349
9.7,4,53260.0,11.5,2,4,7,5,0.33
10.7,2,127163.0,11.2,1,6,5,5,0.304
1.0,1,141300.0,13.9,0,11,4,3,0.219
14.1,3,36920.0,7.0,5,9,7,8,0.727
1.3,1,81257.0,11.0,2,4,3,3,0.134
8.3,3,67182.0,10.5,0,10,8,8,0.693
10.8,3,133836.0,13.2,5,9,4,4,0.144
13.1,2,35441.0,6.4,4,11,6,7,0.841
10.9,2,51391.0,11.8,3,10,6,6,0.498
12.1,1,119059.0,10.1,4,5,4,5,0.134
5.4,3,31412.0,7.5,1,3,6,3,0.349
12.3,1,86567.0,9.3,4,4,9,6,0.278
1.7,4,80263.0,8.0,0,4,4,8,0.419
13.5,1,66800.0,10.2,5,6,3,7,0.286
8.4,5,74322.0,13.0,4,8,4,5,0.291
12.4,1,91243.0,10.1,0,6,7,5,0.478
7.1,5,45171.0,10.7,1,11,7,8,0.62
9.8,5,96499.0,9.7,5,6,5,7,0.346
8.1,5,125679.0,5.5,4,8,6,5,0.457
11.1,4,120020.0,7.1,3,8,8,7,0.426
1.7,1,44237.0,9.4,3,3,6,5,0.262
1.4,1,43656.0,7.8,5,10,9,4,0.56
4.1,4,58522.0,6.6,3,5,4,8,0.407
2.8,3,70134.0,9.5,4,8,8,7,0.311
13.1,2,76057.0,7.9,4,5,8,6,0.356
3.7,1,109962.0,7.3,5,4,6,4,0.1
14.7,2,32085.0,9.2,4,7,8,9,0.64
5.4,4,29334.0,6.2,0,3,8,6,0.538
3.1,3,73989.0,13.3,1,11,7,8,0.453
12.0,3,112145.0,12.8,3,9,3,5,0.299
10.1,3,49179.0,11.4,0,5,4,9,0.547
7.7,4,105188.0,6.0,5,6,6,6,0.286
8.6,5,57479.0,12.0,3,8,7,4,0.371
10.9,5,135761.0,12.3,0,5,9,9,0.347
3.8,2,136961.0,11.9,4,9,9,9,0.178
14.9,5,62161.0,6.0,5,8,5,7,0.564
14.6,5,53749.0,10.8,5,11,8,3,0.504
9.9,3,76413.0,12.5,3,7,8,6,0.338
3.4,3,55066.0,10.2,4,6,6,3,0.209
10.4,2,109048.0,10.8,3,5,3,8,0.273
1.5,1,128258.0,9.1,2,3,3,6,0.1
0.9,2,109137.0,9.8,0,5,6,6,0.318
4.2,2,128044.0,5.3,2,5,6,7,0.31
7.2,4,74624.0,10.8,0,9,7,5,0.501
13.1,4,44540.0,5.7,1,9,9,4,0.783
11.0,2,117244.0,8.9,5,3,6,4,0.1
11.3,2,70059.0,7.6,3,5,9,4,0.326
6.7,2,108909.0,9.9,1,10,5,8,0.463
5.5,5,58830.0,6.2,1,11,9,9,0.89
5.9,4,35154.0,11.2,5,9,7,5,0.488
14.8,2,149073.0,12.2,5,9,8,3,0.244
1.1,3,44525.0,6.5,0,10,8,4,0.741
13.1,3,148553.0,5.9,2,8,9,3,0.318
8.9,5,147160.0,6.3,4,5,8,5,0.275
6.9,5,124227.0,12.9,0,3,8,8,0.386
11.0,1,107428.0,9.8,4,9,4,5,0.399
7.6,1,97226.0,9.2,1,3,5,7,0.218
13.2,1,133263.0,6.0,4,3,7,9,0.165
13.6,5,61180.0,10.8,2,11,7,4,0.473
6.6,5,83460.0,12.8,0,9,8,8,0.448
4.5,5,102424.0,12.5,5,6,3,7,0.163
9.1,3,76399.0,10.6,2,8,7,4,0.456
13.7,5,78436.0,5.7,2,3,5,5,0.304
3.6,3,66286.0,6.0,0,9,6,5,0.725
9.5,1,95529.0,5.4,5,8,5,6,0.574
9.7,1,131322.0,7.3,2,6,8,6,0.279
11.1,1,50191.0,6.2,5,9,8,5,0.741
2.4,2,141804.0,7.3,3,5,4,5,0.211
10.9,2,111136.0,8.5,3,3,9,3,0.155
13.7,4,127909.0,13.5,3,6,7,9,0.215
3.1,4,94524.0,10.5,4,5,9,3,0.216
3.9,4,122440.0,12.5,2,3,9,9,0.144
14.6,2,27025.0,11.4,0,4,7,7,0.523
3.1,2,127298.0,6.0,0,7,7,6,0.549
12.9,4,30017.0,11.6,4,10,8,6,0.623
7.6,4,136239.0,7.5,0,3,7,5,0.26
4.1,5,148995.0,10.8,3,6,3,5,0.1
13.1,4,61758.0,8.1,2,6,3,7,0.37
7.0,5,51290.0,14.0,0,7,6,8,0.532
8.0,3,120670.0,7.4,0,9,7,8,0.564
5.7,2,56628.0,7.5,1,10,4,8,0.617
9.1,4,133195.0,13.4,1,8,6,6,0.296
2.9,2,37855.0,5.2,1,3,8,3,0.419
6.2,2,40744.0,11.3,2,9,7,8,0.585
14.6,2,147394.0,11.5,3,5,3,4,0.1
4.2,3,109230.0,12.5,5,8,4,7,0.194
10.0,1,130861.0,13.8,3,10,6,8,0.317
5.2,4,65541.0,13.8,3,9,4,4,0.323
11.7,1,109560.0,5.6,2,8,7,8,0.632
2.4,1,99280.0,12.4,2,11,5,3,0.308
14.6,1,100394.0,10.8,1,11,4,3,0.52
7.1,2,110317.0,10.8,0,3,4,8,0.318
3.9,5,96920.0,6.2,4,3,8,4,0.232
1.6,2,78633.0,10.9,4,3,3,7,0.129
3.0,2,59490.0,13.8,5,10,7,4,0.338
8.0,1,121073.0,13.2,0,9,4,7,0.435
5.4,2,53284.0,9.0,5,5,7,8,0.447
12.5,1,111544.0,5.4,1,4,3,7,0.366
6.7,5,54167.0,8.3,5,6,8,5,0.385
4.1,4,103166.0,12.4,0,5,7,6,0.399
9.4,1,118385.0,11.3,0,9,9,9,0.41
10.7,5,52339.0,9.1,4,10,3,6,0.441
2.9,4,32493.0,5.5,1,8,3,3,0.641
2.9,3,41372.0,8.8,2,5,6,5,0.361
1.0,1,100750.0,9.2,5,8,8,6,0.333
11.2,1,131181.0,13.4,4,4,8,8,0.16
10.1,3,30625.0,10.8,5,9,9,7,0.578
7.4,3,116769.0,7.8,5,9,7,7,0.355
12.7,1,67665.0,9.7,2,6,5,4,0.384
12.2,3,84816.0,5.6,1,10,9,4,0.768
9.0,2,141107.0,13.8,0,6,6,7,0.349
13.1,4,66496.0,8.2,3,9,8,8,0.681
3.5,4,83167.0,9.3,5,6,3,7,0.268
2.1,4,26710.0,8.2,3,7,8,4,0.48
4.4,2,35200.0,11.1,1,9,9,6,0.469
1.3,3,57324.0,11.0,3,5,5,3,0.195
8.2,5,28482.0,11.4,5,7,4,4,0.368
14.1,3,103922.0,7.4,2,5,4,8,0.392
1.1,1,78300.0,7.8,3,7,8,6,0.347
2.3,4,93518.0,6.1,1,5,8,6,0.407
7.1,3,46831.0,10.9,1,9,6,6,0.51
14.0,5,61992.0,5.4,2,3,8,5,0.381
5.1,1,107978.0,10.4,3,11,5,5,0.36
7.9,2,145663.0,12.8,3,11,8,9,0.287
1.1,2,31302.0,13.0,0,7,7,6,0.506
2.7,5,136298.0,9.0,4,11,9,8,0.301
14.8,1,97110.0,9.1,1,8,5,7,0.445
14.5,4,95490.0,5.7,0,7,6,8,0.649
0.6,3,87535.0,11.0,1,5,7,5,0.219
14.3,1,33674.0,12.4,0,10,7,4,0.687
9.8,2,36235.0,7.2,4,6,9,9,0.592
13.1,5,100114.0,8.8,0,5,4,5,0.412
7.1,5,67620.0,12.5,1,8,5,7,0.457
8.0,3,139659.0,12.9,3,10,9,3,0.244
7.6,5,75824.0,7.2,1,11,7,9,0.688
10.2,5,42910.0,10.0,5,8,6,5,0.425
2.5,1,114340.0,6.7,2,7,9,8,0.413
0.9,4,61669.0,5.9,2,4,4,9,0.391
5.0,3,90684.0,13.2,5,4,7,8,0.267
10.7,1,112229.0,12.4,2,11,9,6,0.455
3.4,4,137533.0,11.8,2,4,5,6,0.1
10.3,1,124024.0,5.4,4,4,4,6,0.215
14.6,1,109545.0,12.6,3,5,5,9,0.292
1.9,5,109954.0,8.9,3,5,5,3,0.184
10.3,4,143241.0,8.1,1,6,5,7,0.317
6.9,3,61978.0,9.9,5,9,9,9,0.501
13.1,3,25139.0,5.8,0,11,4,4,0.89
3.1,4,58994.0,11.8,1,4,9,8,0.308
10.5,5,52236.0,10.2,1,6,9,8,0.516
12.7,2,107729.0,6.7,1,11,9,9,0.728
14.2,1,104214.0,6.7,1,4,7,9,0.336
10.4,5,99183.0,6.7,3,3,8,7,0.265
7.7,4,27030.0,5.5,0,10,3,3,0.891
9.5,1,116097.0,10.3,1,11,7,9,0.433
13.1,3,65441.0,12.6,3,9,4,6,0.457
8.8,2,108132.0,5.2,1,10,3,7,0.64
0.9,3,94572.0,5.4,2,6,3,4,0.387
14.0,4,67841.0,10.2,1,6,3,6,0.371
10.5,1,41822.0,12.4,5,4,8,4,0.256
10.3,4,36802.0,7.9,5,10,9,5,0.609
3.6,1,128940.0,8.1,1,4,6,4,0.144
10.1,5,139800.0,10.4,4,11,4,6,0.28
6.2,2,106224.0,7.5,2,6,8,5,0.304
9.9,5,37929.0,5.2,0,3,8,6,0.591
2.0,5,75253.0,11.6,1,6,6,8,0.331
10.0,4,116117.0,10.6,0,5,3,6,0.315
15.0,2,122478.0,10.2,2,8,9,5,0.262
1.2,1,39777.0,11.7,1,9,6,4,0.46
14.7,1,25004.0,11.1,4,10,6,8,0.603
6.4,3,114017.0,6.9,3,4,8,3,0.262
13.1,1,69575.0,8.2,4,8,4,3,0.363
11.8,4,56810.0,6.1,4,8,5,3,0.441
8.7,5,26612.0,6.2,3,7,9,3,0.61
11.2,5,92537.0,11.1,3,9,6,7,0.405
13.2,5,131394.0,12.7,5,5,9,3,0.1
6.4,2,144704.0,13.7,3,6,6,5,0.1
5.2,1,95718.0,10.7,1,11,3,9,0.536
10.2,4,89308.0,6.7,0,6,9,3,0.592
12.2,2,35632.0,6.0,5,5,3,6,0.335
11.6,3,93609.0,12.3,5,4,8,9,0.243
12.1,4,72497.0,10.2,0,7,3,3,0.544
6.8,4,100892.0,10.6,5,6,9,9,0.279
12.4,4,73591.0,12.0,3,10,7,4,0.391
2.2,5,55037.0,11.3,4,9,9,5,0.39
8.4,4,36871.0,12.5,2,8,6,5,0.381
0.6,1,64365.0,5.5,3,4,3,9,0.255
5.2,4,37081.0,11.7,4,5,4,8,0.396
5.8,5,47112.0,12.7,4,11,7,7,0.389
6.2,4,148417.0,7.6,5,11,8,6,0.408
10.6,3,80513.0,10.8,1,7,5,9,0.474
6.1,3,91484.0,7.8,1,5,6,5,0.242
7.0,5,134202.0,13.6,5,4,6,4,0.1
3.9,1,149446.0,5.3,5,10,4,3,0.462
5.9,1,97839.0,10.2,0,8,5,5,0.466
3.8,2,126559.0,6.5,0,9,5,4,0.481
1.6,5,65868.0,11.4,2,3,8,3,0.249
9.3,4,63218.0,6.6,2,3,8,7,0.42
10.2,5,75338.0,7.1,2,4,7,5,0.345
9.5,2,109063.0,9.4,2,5,6,5,0.186
7.2,5,110274.0,13.2,4,3,3,9,0.102
6.0,5,64405.0,6.9,4,7,8,9,0.525
13.0,2,41651.0,6.3,0,5,4,4,0.577
