experience_years,job_role_level,salary,monthly_active_days,monthly_working_hours,monthly_deadlines_missed,monthly_tasks_completed,skill_score,task_complexity,roi_score
6.0,2,27977,24,248.9,10,175,2.8,3.7,0.2108090536033605
14.0,4,40471,21,137.4,10,179,6.1,3.7,0.33535850214375607
11.0,5,80051,25,252.1,10,127,5.4,9.6,0.4259330566655838
9.0,5,85004,22,265.0,7,135,7.4,8.1,0.4812681680737869
3.0,2,75865,24,270.1,0,103,2.7,7.4,0.4927931191971765
3.0,1,94138,20,231.4,10,68,5.7,3.3,0.24529502461062094
1.0,4,102739,24,300.0,10,200,2.9,7.8,0.4928970269281664
13.0,5,26480,25,229.0,0,100,3.4,8.5,0.41523314460158334
9.0,2,81450,22,258.1,5,75,8.8,3.0,0.33140572491333936
11.0,5,148820,21,220.1,10,200,6.0,3.6,0.5546428277499844
1.0,4,88478,25,174.3,0,200,9.7,6.2,0.7155282852841637
15.0,4,108327,25,128.4,4,200,7.2,6.1,0.708585446185333
13.0,3,65616,20,160.3,9,106,5.9,3.5,0.27621845187883265
4.0,2,121977,23,211.5,10,200,2.7,6.9,0.5451672181406072
3.0,4,122145,22,233.4,10,185,4.8,5.4,0.5000683523384859
3.0,3,91431,19,248.9,10,82,8.5,5.8,0.33508064469054993
5.0,3,154132,25,175.7,9,85,6.3,3.1,0.43578677618532013
8.0,5,42630,23,158.0,10,75,6.5,9.3,0.29802754832818673
7.0,5,27366,19,257.8,5,200,3.0,4.7,0.3539013895032174
5.0,3,121098,22,132.5,10,146,8.0,8.2,0.5905437108460084
9.0,5,126043,18,176.8,4,133,6.1,3.3,0.5341996312763261
2.0,4,39979,23,227.6,5,112,8.8,3.8,0.3075331065216354
5.0,1,59202,26,265.3,0,174,9.4,8.6,0.6263034896406359
6.0,4,27805,18,120.0,5,165,6.0,5.2,0.4273987791946477
7.0,3,62541,20,120.0,5,128,6.1,3.8,0.4120884657315285
12.0,3,122684,24,133.4,8,200,5.7,4.1,0.6039149417121839
3.0,4,89277,21,212.3,10,200,7.7,8.6,0.5510264498497279
8.0,5,69456,26,243.7,10,200,10.0,8.0,0.4979413182510585
9.0,5,71744,20,139.1,0,86,5.7,7.4,0.5213764169853173
1.0,3,25620,22,239.1,5,196,7.0,1.7,0.31594617815981163
9.0,2,64178,20,245.1,0,200,7.6,8.5,0.6593750616078129
3.0,5,108381,24,137.9,10,175,3.5,8.0,0.5608869949306564
1.0,4,148590,22,219.0,5,98,3.7,6.6,0.5610827749413314
14.0,5,133360,26,298.9,0,200,4.7,4.5,0.6850055656703765
14.0,4,27947,24,176.6,10,170,9.3,6.6,0.3564071610259369
12.0,3,134807,19,134.3,10,57,3.1,6.3,0.3916913425282076
5.0,5,125819,21,216.3,4,115,2.8,5.4,0.5154636359896315
2.0,4,122263,26,300.0,10,177,6.3,9.9,0.5867862525295565
10.0,3,84455,19,228.3,10,170,3.4,4.0,0.35226081140724697
7.0,2,77165,26,264.4,10,111,9.0,7.9,0.38825793927065266
2.0,4,65637,22,264.9,10,171,3.5,9.1,0.4170020553724225
8.0,2,34775,19,147.8,0,139,4.5,7.3,0.5026014530931304
1.0,2,52498,21,237.7,10,54,3.7,3.8,0.12563968137974424
14.0,1,58579,24,226.1,10,179,3.1,8.0,0.3950867999403588
4.0,5,87888,25,169.1,10,200,3.7,6.7,0.4966743557385148
10.0,4,121397,20,221.7,10,52,3.5,6.0,0.331652234775366
5.0,2,82631,18,174.8,10,72,7.2,4.1,0.26639172557736207
8.0,1,33529,21,162.4,0,114,9.6,3.9,0.41809336686208265
8.0,3,143303,19,261.1,0,82,9.3,5.3,0.6291166472351234
3.0,4,148357,25,139.2,4,200,3.7,8.2,0.8063319626278752
15.0,2,120820,21,155.4,10,200,8.6,6.2,0.6129314599834972
12.0,5,152671,19,120.0,0,200,3.8,5.2,0.8452241706981718
14.0,1,94031,23,276.3,10,136,4.3,2.7,0.2962574221079462
14.0,2,144482,23,258.1,10,162,6.0,4.9,0.5126153231365745
9.0,5,34021,21,156.5,10,144,9.4,8.7,0.39356242769757516
14.0,2,71474,23,251.4,8,200,4.0,8.6,0.49984565647973733
2.0,4,52568,19,175.1,10,86,8.7,8.6,0.3336444499722363
3.0,4,50174,19,220.7,10,164,4.5,6.9,0.34509357850990274
1.0,4,43612,21,190.1,10,83,7.1,8.0,0.27788641605176423
5.0,1,106700,25,210.6,10,65,2.7,3.8,0.25949410828758157
6.0,4,126039,24,300.0,10,128,8.8,7.3,0.498644503484571
4.0,5,95785,26,190.5,10,200,4.7,7.7,0.5322079200825598
12.0,2,43436,25,148.0,10,133,2.6,9.5,0.3649670014322173
6.0,3,126410,22,218.8,10,200,5.8,7.2,0.5851934077289593
5.0,5,109097,19,268.7,10,164,3.1,5.1,0.4118564336661328
8.0,5,76517,22,175.2,10,57,4.0,3.6,0.1924266617650141
2.0,4,109912,25,143.0,4,167,5.8,5.5,0.6179141528654941
12.0,1,56625,26,197.7,4,200,3.6,2.9,0.42838044111356194
2.0,2,71051,26,253.8,0,125,5.2,7.9,0.5442871270106896
15.0,1,145577,18,122.8,5,200,5.1,6.4,0.7726002105095715
12.0,2,63755,26,290.0,10,200,2.9,9.2,0.43850043648544274
3.0,2,87028,24,300.0,4,200,8.6,4.1,0.5289391023367761
1.0,1,138124,26,246.1,10,200,9.1,8.6,0.6601444195033778
12.0,5,112605,25,218.8,10,200,7.9,8.2,0.5941367581924484
11.0,2,33215,18,152.9,10,143,4.5,7.7,0.3282321721097288
11.0,1,44048,25,147.3,10,195,6.3,7.9,0.4570838487222071
12.0,2,26351,25,300.0,10,200,8.8,6.3,0.3333636659716893
2.0,3,105705,20,171.1,5,176,7.8,4.3,0.5717147323949774
6.0,5,80800,18,149.3,10,200,7.6,3.9,0.4656100934470865
2.0,4,42020,25,269.3,0,200,5.5,8.6,0.5855417140026435
13.0,2,146246,20,190.3,10,153,8.0,6.4,0.5801289107715791
10.0,3,90220,20,220.6,10,190,6.8,4.5,0.43442839182431736
5.0,4,55893,18,120.0,0,78,8.2,3.8,0.42039743532520946
1.0,4,90792,22,255.9,10,200,4.2,9.9,0.5378733587393542
5.0,2,114127,24,300.0,0,66,4.6,8.4,0.5707123090357877
5.0,1,34834,26,283.8,10,83,7.3,6.0,0.1963512171667331
11.0,2,60306,24,300.0,4,116,4.8,8.9,0.4472227387622858
10.0,3,123650,26,168.2,10,200,5.7,9.3,0.6556625187734282
13.0,4,84702,25,226.1,10,167,4.0,5.3,0.384710273462455
7.0,2,94099,19,198.2,10,74,6.4,2.8,0.2532116560026033
2.0,1,79987,18,184.0,10,178,6.4,5.1,0.42333854932077386
11.0,2,31742,24,207.1,0,134,8.0,4.5,0.4243030795347983
12.0,5,46283,24,189.6,8,149,9.0,6.2,0.3866104862476669
9.0,1,79199,25,149.9,5,171,3.0,3.4,0.45845747250834223
12.0,3,50940,22,182.7,4,200,6.7,3.3,0.4595853177074669
8.0,4,31662,20,132.9,8,133,5.6,7.7,0.369183485253379
8.0,2,131722,25,294.8,10,177,4.5,2.6,0.427084493434739
7.0,1,153588,23,151.4,5,149,4.0,7.0,0.6846988696204809
1.0,5,126371,20,120.0,10,151,5.6,3.1,0.48585142794377056
2.0,1,135447,18,181.2,0,88,8.0,9.4,0.7194181358864541
1.0,5,55957,20,209.1,7,200,3.1,8.3,0.4859919426700195
10.0,3,146641,22,282.6,10,170,5.3,7.3,0.5702211593857419
5.0,4,50174,20,201.6,10,144,6.1,5.2,0.3000131232317942
8.0,3,145190,18,147.5,5,65,5.6,10.0,0.6204745062885407
14.0,2,151996,22,272.1,10,200,8.8,3.4,0.5613024545313273
4.0,1,113684,24,238.4,10,106,3.7,7.0,0.4055161263392305
6.0,5,153899,24,139.8,10,80,5.2,7.6,0.5172026228756962
12.0,5,96511,26,268.5,10,200,3.2,9.8,0.5361427248689702
4.0,1,56887,20,252.9,10,150,4.3,3.2,0.2453756758546282
2.0,1,78570,24,212.1,10,73,6.1,8.3,0.3376638395680477
5.0,2,97304,18,140.7,10,111,3.2,8.2,0.4336731666992043
3.0,3,34463,21,125.6,0,112,3.3,7.0,0.4574919657166375
14.0,5,102087,21,139.2,5,186,6.9,6.4,0.6452232682155261
12.0,2,144918,22,193.4,5,200,4.0,2.7,0.6130368992870008
10.0,3,49563,24,248.0,5,109,8.5,4.1,0.3253296026116345
13.0,2,127498,24,133.8,10,71,4.0,5.4,0.3843002394872563
12.0,5,136549,21,285.3,0,85,7.6,6.5,0.6277696049674238
3.0,1,144716,24,278.5,10,200,5.3,6.8,0.5918281813694335
13.0,1,149665,20,211.4,10,167,4.0,7.9,0.5984242606392037
8.0,3,94602,23,286.7,5,148,2.8,6.3,0.471320798381689
12.0,4,151093,19,120.0,0,52,7.4,9.7,0.7225666214955726
14.0,3,119322,26,246.3,0,79,8.0,6.1,0.5807096007156396
5.0,4,46572,22,233.5,0,169,6.1,7.5,0.5481559205166333
2.0,2,86462,23,293.2,10,68,4.6,4.9,0.24753656498756293
4.0,2,114197,21,260.0,10,176,4.3,4.0,0.42522284906439795
7.0,5,58131,24,172.0,4,75,9.3,1.7,0.2877355267668871
12.0,4,106119,26,300.0,0,86,3.0,4.2,0.4658618939058325
13.0,5,113453,24,137.6,10,83,6.0,5.8,0.3959020754378359
1.0,1,46724,18,239.2,0,97,5.4,9.1,0.48578485349596173
8.0,4,98038,18,258.8,10,59,8.1,6.2,0.32587338917772707
7.0,3,125216,26,176.8,10,200,2.7,5.7,0.5454823001378177
4.0,1,88538,26,286.1,5,200,3.9,9.0,0.5915331971400309
2.0,1,26920,21,120.0,10,160,9.2,7.0,0.3937558131361827
5.0,3,27164,26,237.1,0,113,6.2,4.6,0.36514095854561696
14.0,1,71555,20,190.2,10,150,6.6,5.5,0.3727663861243422
5.0,4,146800,24,244.6,4,172,5.3,4.4,0.6264178237625662
8.0,5,55855,23,300.0,10,63,9.5,6.7,0.2534772623261176
11.0,1,109338,25,279.4,10,148,3.4,2.7,0.3372347239174416
6.0,4,54290,26,249.4,10,200,6.4,4.8,0.35772299893820286
15.0,2,66198,22,274.8,5,86,3.1,2.6,0.25085869976090536
14.0,4,129910,18,263.7,4,141,8.6,7.2,0.6356910922088204
4.0,5,119519,20,120.0,0,66,7.9,5.2,0.5749701033049276
8.0,4,36940,25,300.0,0,156,6.2,7.5,0.4936462928280556
5.0,3,78573,23,134.4,10,153,5.5,6.4,0.44049253882711076
5.0,5,28551,25,293.0,9,200,3.7,9.3,0.3848562912447684
1.0,2,88623,26,191.8,10,200,2.8,5.8,0.4551642166849928
9.0,3,112198,21,139.9,10,96,7.4,8.8,0.49349984360293786
8.0,4,40775,18,164.0,8,199,5.4,5.5,0.4149324637557353
1.0,5,61912,18,195.5,4,154,4.5,6.5,0.46872012596074036
4.0,2,76751,21,187.3,10,185,4.1,7.1,0.45092112496550474
14.0,3,143091,24,130.4,5,101,3.2,6.6,0.5830172700971153
4.0,2,150515,19,205.2,10,134,6.0,3.9,0.4834125430223767
3.0,4,30815,20,262.8,10,172,4.0,7.0,0.29515609343591376
8.0,2,120942,18,153.5,4,79,8.5,6.9,0.5558021885872768
15.0,1,72984,22,144.5,5,93,7.3,4.3,0.3834455227191103
4.0,3,75933,18,159.1,4,82,8.2,6.5,0.4437588499870639
10.0,2,120669,25,126.6,10,82,7.3,4.0,0.38601171019401537
12.0,4,146487,18,222.6,5,141,5.9,8.0,0.662461213441967
4.0,4,141833,18,225.5,0,200,8.9,6.1,0.8001484222373975
11.0,2,97557,19,189.0,0,83,6.1,6.6,0.5429696800668312
6.0,4,70290,19,168.1,10,140,5.6,2.3,0.2848125845127863
10.0,5,121121,23,282.3,10,196,6.4,3.9,0.47424570370779473
10.0,5,56688,24,240.3,10,166,7.1,9.6,0.43954737023615686
8.0,5,95429,22,277.4,10,90,3.0,4.6,0.27613008169353614
2.0,1,70899,18,187.6,0,85,6.9,8.5,0.5357329008618547
13.0,2,107459,18,218.8,10,136,8.4,2.3,0.3667457086362025
5.0,1,56747,20,203.7,10,159,5.0,2.8,0.2698603672335258
3.0,4,49717,19,174.7,10,127,3.7,2.8,0.2112964466925477
1.0,1,138254,22,292.8,10,146,4.4,5.0,0.45968286517831575
9.0,4,38951,23,228.1,4,156,7.6,2.7,0.34489671892201806
10.0,4,87093,24,251.6,10,82,3.2,4.7,0.25488073262569255
1.0,3,54645,21,149.4,10,200,7.9,7.1,0.4819077497907021
8.0,5,31216,24,250.9,10,91,4.6,10.0,0.2720379088863443
4.0,4,29578,25,247.1,10,85,3.6,3.0,0.09237547081638098
10.0,3,49006,18,120.0,10,169,7.5,8.1,0.4705108406720614
3.0,5,138081,23,129.7,0,129,8.0,7.8,0.7771553597530951
10.0,4,62998,25,259.1,5,200,2.5,3.4,0.40043733357741956
6.0,4,147638,22,266.6,0,124,6.5,2.4,0.5998556917227762
14.0,1,97361,21,206.6,10,149,3.7,6.1,0.41302755818357406
2.0,1,82968,19,120.0,8,114,8.1,2.9,0.3760755846144135
5.0,5,96819,23,254.5,10,176,9.1,2.8,0.39992699936980963
2.0,4,89131,23,144.6,4,78,5.5,7.6,0.4762043290495125
14.0,2,119724,18,170.0,10,88,5.5,7.5,0.43981209625114703
13.0,1,60390,26,171.5,10,126,9.4,5.4,0.34295492232310837
4.0,5,70238,23,147.7,9,67,8.9,8.8,0.3796190319529461
10.0,4,140857,20,138.9,5,139,2.3,4.9,0.586832007068147
12.0,4,149732,21,182.9,0,200,4.3,9.2,0.873462413206876
9.0,2,134684,21,120.0,10,200,5.4,3.4,0.5937436220412258
8.0,5,81055,20,173.9,10,190,4.3,8.4,0.5076410458592261
4.0,4,127998,20,201.1,0,178,6.8,8.8,0.7951036763977394
2.0,1,83171,20,180.9,5,164,5.4,6.0,0.5163038099390318
14.0,2,87647,21,170.1,5,200,4.6,9.2,0.652094915797683
14.0,5,52453,24,300.0,10,133,5.1,4.5,0.24112880618119917
10.0,2,101147,21,135.0,9,200,6.1,5.8,0.5767822168066443
5.0,1,49934,26,255.8,10,150,5.4,4.3,0.26327505778745375
6.0,5,68461,18,120.0,10,168,3.8,4.0,0.38821367838699034
11.0,2,133827,25,136.6,0,200,3.9,6.0,0.8000554399424156
14.0,3,50013,24,247.4,10,95,6.5,7.9,0.2882141881285989
13.0,1,34603,19,185.0,10,75,7.1,5.8,0.19672566937010832
12.0,1,33068,25,300.0,10,200,5.1,6.2,0.31541351470442
10.0,1,145772,18,183.0,9,100,7.9,4.8,0.4882641908201034
2.0,3,91549,26,300.0,0,200,5.3,3.9,0.580172125011094
3.0,3,77773,26,155.2,5,200,7.2,4.4,0.5526874904507457
14.0,4,132652,19,120.0,10,152,4.7,3.5,0.5033992452479663
9.0,2,131020,24,126.3,10,109,3.8,3.4,0.4118711889171655
1.0,4,68681,20,128.4,0,200,2.1,4.7,0.6163083421562062
2.0,2,114685,24,233.4,10,200,9.3,7.9,0.5974931168947635
10.0,3,127387,26,276.9,10,115,3.1,8.5,0.4698109582613955
1.0,3,110028,21,120.0,4,148,3.6,9.0,0.671638979846378
3.0,4,43575,18,247.5,5,162,2.8,6.3,0.38172141382343994
8.0,5,140790,19,236.1,10,198,9.4,9.1,0.6817306215767083
10.0,4,94858,18,139.6,10,109,7.6,4.3,0.37242876566553357
10.0,2,59353,22,122.8,10,200,7.9,6.1,0.5006772748376997
4.0,4,80188,22,138.9,5,75,8.0,3.8,0.3684127908789881
11.0,1,30938,24,156.4,4,200,8.8,4.3,0.47386819653618484
4.0,2,41819,26,164.1,10,200,8.6,7.0,0.443300813440597
5.0,2,121270,26,241.0,5,168,5.4,4.5,0.5488792784242278
11.0,5,25938,20,132.2,9,109,8.5,2.2,0.19716707647350964
10.0,3,79751,20,170.3,0,156,5.0,7.8,0.6323682352644387
13.0,2,91948,20,274.9,4,55,6.9,6.4,0.40955511880372275
10.0,3,31536,21,225.3,10,91,5.0,4.1,0.14563695743493288
9.0,4,146279,25,300.0,10,102,2.7,6.1,0.43530776657952963
2.0,1,54954,23,145.9,10,200,6.2,4.4,0.4100448726947601
6.0,5,65321,25,211.5,10,142,5.4,8.8,0.40488342778509556
4.0,3,62965,18,184.9,10,63,3.6,3.3,0.15806307652756107
4.0,2,54112,25,134.6,10,158,3.7,8.0,0.41437946949134746
15.0,3,24817,21,120.0,10,72,5.2,7.4,0.21414574853204837
6.0,2,119646,18,207.5,5,49,8.9,6.2,0.46674880810368086
13.0,3,142975,25,261.4,0,197,9.5,4.6,0.7562751977733861
10.0,2,52149,21,175.4,10,200,6.3,3.5,0.3589456470530357
12.0,4,105756,23,210.1,10,97,2.7,7.9,0.3945898812602836
8.0,2,120701,25,230.0,10,200,8.3,6.6,0.5743549399530897
9.0,2,132261,21,120.0,9,109,2.8,7.8,0.5303563529894404
8.0,1,77893,20,165.8,10,200,3.2,4.3,0.4171628464652926
3.0,2,65625,26,172.8,4,200,5.3,3.8,0.49963556828464034
11.0,1,65235,20,120.0,0,103,5.4,5.5,0.5003248530064216
5.0,5,114906,26,300.0,4,143,7.1,3.0,0.48735444832997715
1.0,1,132921,19,188.3,10,159,3.6,5.7,0.5060886312570548
10.0,4,48174,19,213.8,0,50,9.2,8.1,0.44110967681856306
3.0,1,72712,19,152.6,10,122,9.1,3.8,0.33582973683000483
14.0,5,135763,23,187.4,5,61,2.9,7.2,0.4960655057118566
14.0,4,130281,20,140.9,10,103,4.7,8.1,0.5062284995579784
14.0,3,149528,26,152.5,4,200,5.2,4.8,0.7298468487933486
6.0,3,123579,21,135.4,5,128,7.0,6.4,0.6058336210272901
1.0,1,73983,18,207.9,5,116,7.1,4.2,0.39092944006445657
14.0,1,99776,21,229.3,10,142,4.2,4.0,0.35777010395466174
7.0,5,111400,18,173.3,10,93,6.1,4.6,0.3651246585014965
14.0,5,36484,22,205.6,10,142,3.8,9.7,0.34867901562345854
14.0,2,91589,21,280.0,10,133,8.8,5.5,0.3880451320870671
13.0,5,117856,25,144.8,10,200,3.2,3.5,0.5090896053725307
5.0,2,45963,25,183.4,10,150,6.9,7.5,0.36576432341713744
6.0,4,124853,24,197.5,10,200,6.0,8.7,0.6281183353189301
13.0,1,98002,20,230.7,10,169,3.9,7.9,0.4748715825583285
5.0,4,147332,18,239.3,10,121,5.6,8.9,0.5610817357749689
3.0,5,30447,18,120.0,4,118,4.0,3.3,0.310757732551526
9.0,4,58361,20,255.0,8,134,9.0,5.9,0.36631280192988236
14.0,4,98456,23,283.0,10,122,6.2,4.1,0.3360526846898768
11.0,4,61467,24,172.7,10,200,7.8,8.6,0.5119791340254602
9.0,5,119355,23,193.9,10,126,2.8,8.1,0.47526201366456067
2.0,4,125855,23,201.7,5,200,4.3,9.0,0.7123045090643099
9.0,2,39124,23,300.0,0,190,6.7,7.4,0.540837997633012
15.0,5,89239,20,127.9,0,186,3.3,9.3,0.7565315700201425
2.0,4,89335,23,282.4,10,130,8.1,4.9,0.3591015214191747
8.0,5,73420,25,206.0,10,200,4.4,9.0,0.49948777029244806
13.0,3,148385,19,213.0,0,84,3.3,8.2,0.6683959441037141
11.0,2,129964,22,193.7,10,63,8.1,7.8,0.45010758691794295
11.0,4,116420,18,179.5,10,124,7.5,9.2,0.5363427373802667
11.0,3,119806,18,218.0,7,70,7.4,7.0,0.4625052190208617
6.0,3,86118,22,259.2,8,185,4.9,8.2,0.5106125671015682
5.0,5,139550,20,248.9,8,200,8.1,7.9,0.6748109524924052
12.0,3,109650,21,120.0,5,59,5.1,4.1,0.4006315647091811
12.0,2,117800,20,214.3,10,122,5.0,8.0,0.4759099063923169
13.0,2,134993,18,120.0,10,59,3.5,7.4,0.42940371574724123
14.0,1,58909,18,161.5,10,53,3.9,5.9,0.20156501081415773
8.0,2,125875,22,220.5,5,198,6.8,10.0,0.7443387132232502
8.0,3,51063,23,194.6,5,91,6.0,5.0,0.3174468344687249
12.0,2,69049,20,204.1,10,52,3.7,1.3,0.10798833099672865
10.0,5,67099,26,300.0,10,200,6.5,9.1,0.4713428024322959
11.0,1,150790,22,136.6,0,115,4.0,4.8,0.6757305853115156
12.0,3,135460,25,262.7,0,123,7.5,2.4,0.5800283198382766
13.0,1,116460,18,160.1,7,109,3.2,4.4,0.4315893245857132
5.0,3,114836,22,122.6,10,176,3.4,6.5,0.5586542555070741
6.0,5,98298,20,136.9,10,54,9.0,6.4,0.3540652035028993
2.0,1,146535,18,249.5,0,48,2.6,4.7,0.5257088357262362
9.0,4,85642,21,281.5,5,90,4.1,8.5,0.4434214329437381
1.0,3,75063,22,292.0,10,158,9.8,5.9,0.3954777522677795
7.0,4,45688,24,300.0,10,66,4.6,7.5,0.21113593392229124
8.0,1,123661,18,121.5,4,75,5.4,3.8,0.47275088727698833
5.0,4,118133,20,160.7,10,165,8.4,6.2,0.5482915233556723
9.0,4,73353,19,214.9,10,49,6.3,9.1,0.31363352207145345
1.0,1,28253,26,248.7,10,200,6.5,10.0,0.41876729771096477
1.0,5,134624,23,203.1,0,132,6.1,7.8,0.7182559325397009
12.0,4,26129,20,159.7,5,153,5.8,1.4,0.28021271905702344
6.0,4,118378,25,273.3,10,200,2.7,4.2,0.4513743550597232
2.0,5,149039,25,260.5,10,200,6.4,7.5,0.632298416401755
8.0,4,79134,19,120.0,10,137,4.2,8.7,0.47114801053756744
12.0,4,53784,23,208.5,10,200,4.3,8.1,0.431928822513426
4.0,4,115530,24,245.6,0,156,4.4,7.1,0.6620331839496569
10.0,2,130232,19,187.1,9,133,9.2,3.6,0.48066826800379653
2.0,5,91784,19,133.2,0,200,6.2,5.1,0.7062953161233229
1.0,4,145443,18,216.3,8,184,6.8,3.2,0.5612308035113648
8.0,5,32582,25,120.0,4,110,3.9,10.0,0.45515929088619866
8.0,3,86643,18,147.0,4,79,6.2,4.6,0.4080536085963763
10.0,3,119383,26,300.0,10,200,4.3,8.0,0.5470271448299227
11.0,4,136293,23,229.8,10,143,6.6,6.2,0.5127880805426087
15.0,5,47900,24,179.4,5,65,7.7,2.8,0.24164450592114553
8.0,5,125531,24,275.1,10,200,3.6,7.1,0.541385996087683
5.0,5,92333,20,202.9,0,200,9.7,6.8,0.7206302653384153
12.0,2,77385,19,229.6,4,197,6.7,7.7,0.5926629502455758
4.0,3,41049,26,300.0,0,98,5.4,6.4,0.4022482209921658
7.0,5,133384,25,262.8,0,200,9.0,4.8,0.7379569578668121
2.0,5,45545,24,224.2,10,195,2.7,6.9,0.35851606952210935
1.0,2,63546,26,153.3,5,200,3.6,6.8,0.5468504530179121
14.0,2,62163,21,146.0,0,186,4.7,3.5,0.5538281648762725
13.0,5,138836,21,176.8,10,200,3.0,7.8,0.6273805745480366
11.0,1,110499,18,188.9,10,174,4.2,7.8,0.5286290359463727
6.0,5,130369,25,239.5,4,200,4.8,4.5,0.624170973019158
3.0,5,58522,20,143.1,10,112,4.8,9.1,0.3792439053512192
3.0,2,103451,24,126.3,5,69,8.6,8.3,0.526018236009026
4.0,2,97239,19,188.7,5,138,7.5,2.5,0.4454901705759621
8.0,5,130348,19,140.8,10,91,4.5,5.7,0.4307091906380026
11.0,5,141556,24,268.0,0,195,8.4,5.1,0.7510269595323645
10.0,5,26522,23,120.0,10,200,5.8,2.3,0.3248003975657691
5.0,2,114479,20,211.1,4,126,8.8,5.4,0.5560511382748816
14.0,5,32191,26,300.0,0,95,6.7,10.0,0.4722658352771628
11.0,5,94352,23,146.3,10,200,8.9,8.5,0.6163242420350495
8.0,4,62487,23,220.7,10,82,3.1,6.0,0.23303977971576126
9.0,1,63833,18,120.0,4,92,6.8,3.5,0.3706442028995206
7.0,3,71694,21,218.2,10,68,7.1,8.5,0.3270495177651374
4.0,1,104689,23,225.5,10,200,8.6,5.4,0.5141804722583558
6.0,4,65617,23,196.5,10,59,6.7,8.2,0.2947667015239591
12.0,3,115698,22,210.4,10,200,4.8,4.8,0.5010435156637199
1.0,5,78630,18,241.5,10,54,8.3,7.8,0.3158066911781747
2.0,4,34195,25,172.6,4,183,7.6,3.2,0.409023259792626
1.0,5,128691,22,120.0,10,200,7.5,10.0,0.7492734216504756
1.0,2,59813,22,285.6,10,116,5.3,7.1,0.30171690218839414
13.0,4,79149,24,255.1,10,200,8.0,3.3,0.39154436956243877
11.0,2,109966,21,266.6,10,186,4.0,3.0,0.40056628794983046
7.0,4,67806,23,241.5,7,125,5.3,7.1,0.3944813284876883
2.0,4,32291,21,245.3,4,130,3.2,2.9,0.2592759685041506
8.0,2,71095,20,170.1,0,191,4.0,6.8,0.6321003159146183
7.0,3,146631,24,280.4,10,140,4.4,7.5,0.5312960094796105
3.0,1,107063,25,300.0,10,176,3.7,2.7,0.3635362290055318
7.0,5,108851,21,211.5,0,118,7.1,7.7,0.6440644187722353
6.0,4,105448,19,122.0,5,200,7.5,5.6,0.6835125278850854
9.0,5,51480,20,145.7,10,200,8.0,9.6,0.5366468157301235
10.0,2,76857,18,130.6,9,162,8.4,4.8,0.4607897834116386
1.0,5,118927,25,177.7,0,107,6.6,6.7,0.6361001067586314
6.0,2,37831,20,166.5,10,181,5.7,6.5,0.36869377168658757
10.0,5,61660,24,244.8,5,200,6.3,8.2,0.544724747956299
8.0,1,61879,22,229.3,0,150,6.9,9.2,0.6057136776042372
13.0,1,79503,22,186.4,10,200,7.3,5.7,0.4730256856727064
10.0,1,147659,24,257.6,4,136,5.9,3.3,0.5595933306239481
3.0,1,34851,26,145.2,9,167,9.1,6.4,0.40158546430468606
2.0,1,94326,22,120.4,5,62,5.1,8.3,0.4671671300436738
10.0,1,48698,18,120.1,5,128,6.0,5.8,0.4254334872968632
1.0,2,153549,18,166.3,8,119,9.4,6.7,0.6147132016334174
9.0,4,40189,19,126.5,10,51,6.2,6.0,0.18708767442092056
14.0,5,77815,23,172.4,8,102,5.8,8.0,0.4140420738416753
9.0,1,118081,26,236.9,5,130,6.4,5.5,0.5260807484414898
6.0,2,114234,25,300.0,10,200,7.8,8.4,0.5739568096756006
10.0,2,77070,22,120.0,10,200,3.4,4.4,0.468581098396648
7.0,2,70884,18,198.8,0,167,3.4,7.3,0.587612421345503
8.0,4,78077,24,256.6,10,147,5.9,8.3,0.4200373085827416
14.0,5,59407,22,271.1,10,67,6.0,7.0,0.24699032047825328
6.0,4,50872,23,300.0,5,200,3.4,2.6,0.3503379819499479
14.0,3,84593,24,123.0,0,156,4.3,8.9,0.7007198138943962
14.0,2,58483,20,134.2,10,93,3.0,5.9,0.2655915783603232
3.0,3,60804,20,261.7,10,200,9.4,2.5,0.3407342751406082
2.0,1,109553,22,195.8,10,148,3.0,8.8,0.4999558791888714
2.0,1,152808,23,231.1,10,131,6.5,6.1,0.5317268757135334
1.0,4,98785,26,283.7,8,200,7.4,5.9,0.5186837726195693
2.0,5,33932,22,243.7,0,90,9.5,4.7,0.3799050455874368
10.0,3,35206,18,242.1,10,120,4.1,4.8,0.19611505304858318
2.0,5,143911,21,297.5,10,144,3.9,3.6,0.43292550400380214
5.0,4,64749,22,256.1,10,200,7.2,9.5,0.4941683298091542
13.0,1,36614,22,152.6,0,143,9.2,5.5,0.5074243594355348
1.0,5,99909,24,300.0,7,200,5.9,2.6,0.4468901116182188
12.0,5,102839,21,120.0,10,200,4.3,3.0,0.5027807172961246
5.0,1,105017,18,126.1,10,74,9.6,4.7,0.37233801737341543
2.0,3,59635,22,287.5,4,200,4.5,6.1,0.48132165970150564
11.0,1,26668,24,181.1,10,124,9.3,5.8,0.26709377612790897
10.0,5,147043,23,160.8,10,142,6.0,9.3,0.6316167567841111
13.0,3,57053,22,138.0,0,57,6.2,7.5,0.44860555795475443
11.0,3,107470,21,271.5,5,61,6.9,5.9,0.42252945539316755
12.0,1,111196,19,187.9,10,52,2.6,3.0,0.23687690278132445
5.0,5,102913,21,232.4,10,200,9.4,8.6,0.5876854285832667
3.0,4,65954,20,144.6,10,200,6.0,6.1,0.47376090776671775
11.0,5,61593,18,212.5,10,115,8.2,3.2,0.2551291339009786
12.0,2,98965,25,291.7,10,164,4.0,5.3,0.39530198024424323
15.0,4,131560,22,167.0,10,200,8.2,4.0,0.5738982192426346
6.0,3,140998,21,169.1,5,119,5.0,8.7,0.648510511298175
6.0,4,38640,25,166.0,10,142,9.0,4.7,0.3001630737392042
12.0,3,45402,24,300.0,10,200,7.0,7.1,0.38028700760574324
5.0,3,148650,19,212.7,10,200,5.2,4.9,0.5806394228257348
14.0,4,120320,18,242.3,10,156,7.3,4.0,0.4442142267987378
13.0,3,134641,21,160.9,10,86,4.0,6.0,0.42691547284716036
7.0,3,50949,25,295.7,5,64,6.0,3.9,0.24139898504470556
11.0,2,102753,19,226.3,0,82,3.9,4.3,0.47396925679939167
11.0,5,112965,20,218.9,8,64,4.6,3.4,0.314614562264625
2.0,5,111654,18,247.6,5,200,9.6,6.5,0.6463832177885263
14.0,2,79599,18,154.5,0,194,2.6,4.3,0.5990611463860478
8.0,4,27770,20,120.0,10,181,3.7,3.9,0.31443374831364834
12.0,1,101031,22,236.7,4,117,6.6,7.6,0.5383964562810402
5.0,1,56506,20,237.8,4,200,3.4,8.2,0.5294475862965264
14.0,1,82016,18,183.3,10,69,3.4,4.7,0.24077952002447692
6.0,2,142638,18,120.0,9,76,6.8,9.3,0.5655510996030289
1.0,2,76561,25,235.3,5,124,3.0,8.7,0.4687685699185153
14.0,3,128319,19,142.1,10,180,8.8,3.3,0.5464004112409443
2.0,1,50439,20,175.6,8,65,4.9,7.4,0.2756933690300486
5.0,4,113095,19,210.2,5,164,8.9,6.9,0.6208713799834282
14.0,4,149679,20,233.8,10,188,8.3,4.6,0.5775941911313829
14.0,1,37355,24,184.6,0,132,3.2,3.7,0.3847382779039712
9.0,1,25566,18,157.3,0,132,4.8,9.2,0.5112365585993242
10.0,1,82031,25,186.4,10,74,5.5,4.5,0.2602160951941509
7.0,2,37383,19,123.8,10,123,7.2,4.3,0.27209536124267186
5.0,2,122077,20,240.6,10,53,6.5,5.7,0.35030951968573665
5.0,2,139495,26,300.0,4,81,7.3,3.7,0.487633561553403
10.0,5,80494,24,186.2,4,67,3.6,4.0,0.32870971762875273
11.0,4,59191,21,253.6,0,200,4.3,6.5,0.5715024975408255
12.0,4,80282,22,285.1,10,200,7.0,3.1,0.3720356336602513
12.0,3,117982,19,234.8,10,131,6.9,5.6,0.4426533785338222
2.0,2,27054,25,166.3,0,109,9.3,6.6,0.45386660895721803
8.0,5,98195,21,288.7,0,113,7.2,6.1,0.5604332921424895
1.0,5,100097,26,216.5,10,200,4.3,5.0,0.4629921089788702
8.0,4,106515,22,178.2,10,200,6.2,7.3,0.5675311344031974
7.0,2,54388,26,150.1,5,200,4.2,4.6,0.48334923348268505
13.0,3,118103,21,195.2,8,200,5.9,10.0,0.6795792835725415
6.0,2,37529,22,133.8,10,200,6.2,6.1,0.4223082845267031
2.0,1,51991,26,177.2,10,141,7.4,3.4,0.27978575841461073
3.0,2,138020,25,190.1,10,85,7.4,3.1,0.3859700069454568
12.0,1,115545,20,249.6,10,64,7.4,4.9,0.3374927529097915
10.0,1,26657,18,224.4,10,130,6.6,7.7,0.28124679644717765
2.0,3,58096,20,155.4,0,73,6.4,4.3,0.3979256579944898
2.0,4,51371,21,265.8,10,146,4.3,3.5,0.23166787604579803
11.0,2,60551,19,239.1,5,175,4.5,7.0,0.46960442077681364
2.0,1,57882,18,209.2,10,56,6.5,3.9,0.1702412554729561
12.0,2,32918,24,156.7,10,175,7.9,7.4,0.39515696052386395
11.0,4,82579,25,290.4,10,200,4.0,6.3,0.42384760966701185
2.0,4,118813,24,300.0,10,186,4.6,8.7,0.5478166169593983
2.0,5,104904,22,246.1,4,200,1.9,2.6,0.4958039498973348
15.0,4,108637,18,139.9,10,162,6.6,5.1,0.49780530942020823
6.0,3,36757,24,220.8,10,138,8.9,5.1,0.2755557207309468
6.0,1,147094,24,259.0,10,200,3.6,7.7,0.6094516895046147
12.0,5,136230,26,243.8,10,200,2.7,3.0,0.47458091228670796
14.0,3,123911,20,120.0,0,176,7.8,2.4,0.7076382461074435
15.0,2,126448,26,207.6,10,159,7.6,4.3,0.4836135807280512
11.0,1,146950,18,224.7,10,151,8.7,5.5,0.5505479350840926
6.0,4,96803,18,225.2,10,88,7.5,2.8,0.28189043852647316
2.0,1,50594,21,131.7,7,79,6.2,6.8,0.32825445033700906
12.0,2,105159,26,300.0,8,173,3.3,7.1,0.49033490230947435
9.0,5,122660,23,185.2,0,129,6.0,5.5,0.6400440047938567
7.0,5,115249,20,212.8,4,121,8.4,8.1,0.6093795872433294
14.0,5,92001,18,211.0,0,187,8.3,8.8,0.7328486340487222
2.0,4,34891,21,266.3,10,130,5.2,7.9,0.28265962107018194
8.0,3,71951,26,300.0,10,200,4.7,6.1,0.39846436885978265
1.0,3,140259,20,159.2,10,163,8.8,8.2,0.6463276057941851
7.0,1,101557,26,300.0,7,200,5.4,5.8,0.5197190884171423
1.0,4,92614,24,143.7,10,200,4.8,3.1,0.4567149036618646
2.0,5,57448,21,233.6,10,173,8.5,6.7,0.39761735129080866
2.0,5,74408,20,236.0,8,200,3.8,6.0,0.4507798930541681
10.0,2,139855,22,249.1,0,105,5.6,5.8,0.632732037048491
11.0,2,112355,22,167.2,5,74,3.8,7.0,0.4689792912895918
9.0,5,128085,20,252.9,0,152,4.1,3.6,0.6007622598385788
14.0,5,80537,26,171.6,10,77,6.8,9.1,0.38154934072954544
6.0,4,102947,21,122.6,9,200,4.3,5.4,0.5726999104400936
5.0,3,56148,22,247.1,5,89,4.2,7.3,0.35293988463257925
13.0,2,113460,21,204.2,10,80,4.4,5.3,0.34492381925441074
4.0,3,80499,22,287.0,10,194,4.1,2.5,0.3267383882351408
14.0,4,82215,24,219.8,4,104,5.3,3.5,0.377648041787751
1.0,5,107717,26,170.4,10,200,8.8,9.0,0.6368582230369612
15.0,3,141295,24,300.0,10,171,5.0,2.6,0.44445930301351333
1.0,5,33223,22,222.8,10,187,9.7,8.5,0.4156412550152129
13.0,5,130405,24,165.6,10,200,3.1,3.7,0.5228624324328495
8.0,1,62333,22,259.8,10,154,4.7,2.1,0.2390327194900453
15.0,3,79597,20,196.7,10,200,3.9,3.4,0.38586692348633794
2.0,3,28445,24,249.0,10,200,6.4,2.9,0.25498765578713756
8.0,5,61699,19,180.2,10,196,8.7,8.3,0.5021127153224088
15.0,4,88398,26,300.0,10,200,5.4,4.5,0.4052650257893725
8.0,1,32973,18,225.0,5,89,5.8,6.9,0.30828838687044835
10.0,5,84780,23,271.6,0,105,8.6,6.3,0.5393770106784902
11.0,2,143693,24,134.1,5,65,2.8,3.6,0.4514273625133422
7.0,2,38304,25,300.0,0,161,7.4,8.0,0.5242573562748778
10.0,1,118218,26,290.0,4,166,2.1,4.0,0.5054110460054041
9.0,4,75700,19,217.1,10,71,8.0,3.6,0.23555977370214368
14.0,5,111800,19,152.4,0,199,7.0,9.5,0.838182344798281
1.0,3,58478,22,281.3,0,108,8.1,4.8,0.44279279968153373
5.0,1,47175,22,245.9,8,200,7.0,6.1,0.41384990295320023
14.0,4,45812,23,143.9,0,167,5.9,8.7,0.6180054841838729
13.0,3,34422,20,172.5,0,119,7.1,6.5,0.4619040270032029
7.0,2,48564,25,300.0,10,65,5.4,2.5,0.1082652299881797
10.0,2,108211,18,120.0,10,121,6.6,6.1,0.4703203800711435
4.0,3,134888,23,300.0,10,120,6.0,2.9,0.3847155212413814
3.0,1,127278,21,231.2,9,59,8.8,8.7,0.4776595881371195
7.0,2,111991,18,191.1,10,114,8.5,8.9,0.5088256880027487
6.0,5,38549,24,178.3,0,180,8.0,4.4,0.5145585830112969
9.0,3,60888,26,202.3,0,92,8.0,5.5,0.4588917288824342
2.0,3,63663,21,281.5,10,119,8.6,8.1,0.36550285822101114
15.0,2,56889,21,159.9,9,182,6.6,7.0,0.45573655775817035
15.0,1,91673,23,276.4,10,136,7.8,5.0,0.37274282496219885
11.0,5,95615,20,176.5,10,200,7.6,7.2,0.5533252095697244
8.0,1,69618,23,136.4,10,149,7.1,2.6,0.3376735800240839
5.0,4,68730,24,125.1,4,153,3.6,4.1,0.4676272078760624
12.0,4,129407,20,193.1,10,89,3.7,9.1,0.47821986659549154
10.0,2,128931,24,300.0,10,184,6.5,8.6,0.5821379299538455
3.0,2,62248,20,163.0,0,86,9.0,8.6,0.5452637601908236
14.0,2,143046,19,142.0,10,160,6.4,5.4,0.5768282389995077
12.0,4,146033,21,172.3,10,99,5.7,8.7,0.5445157516856323
14.0,1,65268,25,244.7,10,200,2.4,7.5,0.4128772659553427
11.0,1,69474,26,230.5,10,179,4.3,4.7,0.35262038895407183
9.0,2,87829,24,300.0,10,200,7.1,2.7,0.37658552520963234
7.0,5,148552,18,163.1,10,163,2.9,6.0,0.5627028410755454
14.0,1,136387,20,196.6,10,200,3.8,7.5,0.6088879295334114
13.0,4,38555,26,166.5,0,144,4.2,4.7,0.44496884425897903
1.0,3,75688,18,243.1,5,99,6.3,4.3,0.3596243052429801
1.0,3,96504,26,184.0,10,164,6.5,7.4,0.4954543220485631
6.0,3,89183,25,142.1,10,124,4.7,7.2,0.4241277505484483
12.0,5,48310,18,211.6,4,159,9.2,4.9,0.44035723405166005
15.0,2,132806,23,242.5,10,200,3.3,6.1,0.5435212514374815
3.0,4,108837,22,185.7,10,100,6.5,5.9,0.3986531224457304
9.0,5,133321,23,204.2,10,123,3.5,8.0,0.5028762094814381
6.0,4,130224,22,257.9,10,71,9.0,6.5,0.4288166465859605
15.0,4,120852,23,160.7,5,143,8.7,4.0,0.5649298748396767
13.0,2,79481,22,282.9,0,135,8.1,3.7,0.49749840830357916
13.0,3,106021,22,247.7,10,200,6.3,3.1,0.4363506053251497
7.0,2,45203,21,189.2,10,100,9.4,8.3,0.33141848584246913
6.0,5,109508,20,178.5,10,69,3.6,5.8,0.3318875425026782
4.0,5,49523,20,138.2,0,200,5.6,4.9,0.5946290029871091
1.0,5,112774,21,239.4,5,197,7.2,4.9,0.5916608718544502
13.0,2,56245,26,232.8,4,80,8.3,9.0,0.43624199002341546
12.0,4,38967,19,154.3,10,134,4.5,5.1,0.26710568721680195
15.0,4,45727,26,269.8,10,200,5.6,5.8,0.3476445956998154
15.0,1,25921,18,257.5,9,91,2.9,9.2,0.2445477523108529
9.0,5,119707,18,168.8,5,200,4.0,7.9,0.6909686515970099
12.0,4,116311,22,293.2,10,86,3.0,7.2,0.3766166604254973
14.0,1,93400,23,187.2,0,187,5.5,6.6,0.6744707159574648
13.0,4,46145,23,123.7,10,78,8.0,8.5,0.31966870611486
4.0,5,36722,20,133.9,10,157,4.7,4.5,0.3011826420232864
7.0,3,27605,24,215.6,0,111,4.5,4.2,0.34545326554817163
2.0,5,45484,26,181.0,4,200,3.0,5.5,0.4676927769602112
14.0,2,142328,25,123.1,4,132,7.0,2.7,0.5991186127719035
9.0,4,57693,23,300.0,0,200,7.3,7.7,0.6071656923091687
4.0,4,70311,25,300.0,5,168,7.7,5.3,0.4548260799339747
10.0,2,37422,22,253.2,10,97,5.1,8.9,0.2724315925802455
10.0,2,52145,25,162.1,5,200,2.4,5.5,0.4734135130517411
6.0,3,91711,21,129.6,10,154,2.9,5.7,0.4389216091384619
2.0,4,99118,25,147.0,10,112,3.2,4.4,0.34846194051435575
10.0,4,56102,19,217.1,7,103,6.2,6.0,0.3274497181717861
8.0,3,32257,22,290.5,4,200,8.2,5.2,0.428571833853031
12.0,1,76096,26,228.5,4,200,7.3,8.2,0.6107117688566632
8.0,3,53401,21,134.4,10,186,6.8,6.2,0.44237549142699584
13.0,5,53189,23,233.0,10,63,6.2,4.8,0.18370715590610942
8.0,4,147961,18,137.9,10,200,4.7,3.1,0.5881857159209708
9.0,2,104406,26,211.8,0,141,5.8,3.6,0.5591544967532558
13.0,5,95401,18,189.8,0,135,8.6,3.3,0.5551810461814966
6.0,4,77073,22,253.7,0,200,3.4,5.9,0.5910707082119282
2.0,3,80802,21,130.7,10,175,5.9,5.6,0.4701951188306121
1.0,5,96255,20,120.0,0,98,2.9,5.4,0.5394083377145992
11.0,4,115254,23,300.0,0,150,8.0,6.2,0.6507128566078095
10.0,1,117870,19,135.7,10,147,9.3,9.5,0.6225526147390688
11.0,1,47866,20,120.0,0,200,8.2,4.3,0.6220495687862102
4.0,2,90448,22,153.0,4,81,4.8,4.0,0.39195513228947765
2.0,4,75864,26,143.3,10,200,2.2,5.0,0.44061842669302054
1.0,1,135070,19,164.8,10,151,7.3,7.6,0.5866773654267521
6.0,3,105377,25,300.0,10,200,5.2,6.1,0.4793445406951645
9.0,4,91374,19,168.0,10,153,8.5,4.6,0.4288641929604399
6.0,3,40094,22,193.0,10,161,7.8,6.8,0.3547613968974258
7.0,3,100741,24,270.1,10,200,2.5,4.6,0.41976828168125674
14.0,1,40765,25,232.4,10,153,9.1,7.5,0.3573866194381895
6.0,4,68019,18,224.0,4,112,3.9,5.0,0.3776921881945891
8.0,5,43374,23,290.8,10,200,5.3,3.9,0.2900897107775776
12.0,1,116957,18,120.0,10,60,3.4,7.0,0.37999510385425483
6.0,1,51161,19,229.6,0,122,7.7,7.9,0.5218374286379933
10.0,4,74379,18,160.3,4,141,4.0,4.8,0.453627422799897
13.0,4,137274,22,300.0,0,200,4.0,8.6,0.7817021247011258
14.0,3,52695,26,242.0,0,200,5.3,8.5,0.6151358013557429
3.0,4,89783,23,300.0,10,200,4.6,6.6,0.44970568031070546
14.0,3,79112,18,204.0,10,171,4.8,7.0,0.43201728409987117
8.0,1,27066,18,138.2,0,110,9.2,7.3,0.48498598176305924
4.0,2,126312,19,187.5,10,51,4.1,5.1,0.3306936160435067
7.0,5,33605,26,300.0,9,200,4.2,8.5,0.380014145149872
15.0,1,86907,20,259.6,10,77,7.3,5.1,0.2906511140638135
8.0,4,98725,18,120.0,10,61,6.5,5.8,0.33824781914658053
5.0,5,106663,22,248.2,10,200,4.9,8.1,0.5412601246878759
10.0,2,114535,24,187.8,4,200,9.6,6.9,0.708661855883714
4.0,2,57558,23,120.0,10,200,6.3,7.6,0.52155835988304
2.0,3,27030,18,148.1,0,92,3.2,8.4,0.4266910732807988
2.0,5,116537,22,160.1,10,190,8.4,3.2,0.5136790699185464
2.0,3,94311,22,282.6,4,200,9.7,4.8,0.5756730933863516
3.0,1,129273,23,182.4,5,200,6.0,6.7,0.6927412620811008
2.0,5,125744,20,253.7,10,73,7.8,7.1,0.4253727123146002
10.0,1,131582,22,120.0,8,188,6.4,9.6,0.7536841077889328
3.0,3,86692,24,185.4,8,200,5.9,8.7,0.5839184389086504
6.0,5,66567,22,153.5,5,115,6.6,9.5,0.511822555633265
14.0,3,127780,22,143.4,10,86,2.8,5.8,0.40414002559297013
7.0,5,80203,22,123.0,10,200,6.1,6.3,0.5374183244315405
10.0,3,47719,20,134.8,10,158,4.8,8.5,0.420265379078089
3.0,2,136145,18,186.4,0,136,7.9,7.8,0.7487314977093776
3.0,3,136754,22,172.0,9,183,8.6,5.1,0.6045541364259951
1.0,2,85735,26,233.7,5,82,7.6,5.2,0.3942718825998913
3.0,3,35142,18,145.4,10,186,7.9,5.5,0.382560761848576
4.0,5,76898,20,260.8,10,114,4.7,8.8,0.3768374829917675
3.0,5,128182,21,284.6,9,200,4.8,4.8,0.5200701136770302
2.0,5,135111,18,171.5,0,60,6.3,3.8,0.5379147407896768
2.0,4,50671,18,155.0,10,66,5.2,2.7,0.14117753666601002
7.0,1,33039,25,162.1,4,184,2.8,8.7,0.5013185059377969
4.0,5,140692,19,256.8,10,57,5.0,6.2,0.39484002740743984
6.0,2,72739,25,133.3,10,162,6.1,9.2,0.5120293500188919
8.0,5,93382,24,180.2,0,200,7.7,7.8,0.743015788734435
10.0,4,145399,19,137.2,0,141,4.4,8.4,0.7906704773369923
1.0,2,34630,23,178.6,10,200,7.2,4.4,0.345103461446561
12.0,4,106210,23,156.7,7,169,8.7,3.6,0.527276731839447
10.0,2,35957,20,226.8,10,63,7.2,4.5,0.1464345767012596
2.0,3,70690,19,120.0,0,172,7.1,9.3,0.7321461273295873
13.0,1,124094,18,191.8,5,124,8.0,3.4,0.5110449138578746
14.0,1,78845,23,135.0,0,174,3.8,4.3,0.5943382166438149
1.0,4,155152,22,120.0,10,200,8.7,4.0,0.6818071827423153
4.0,1,98819,26,300.0,10,200,6.5,6.2,0.4771580153430904
12.0,4,64168,18,120.0,10,143,6.8,6.4,0.41607635456071107
11.0,4,51583,24,293.2,10,94,4.2,4.9,0.19533621156668446
3.0,4,71025,22,212.9,10,142,8.6,8.6,0.4398196678136066
4.0,1,70804,22,131.0,10,155,9.5,3.7,0.4006710059516493
6.0,4,33230,19,264.7,10,115,7.1,4.2,0.1918066870336626
8.0,1,69885,20,135.7,0,75,6.6,6.6,0.49023770151634094
10.0,4,81659,24,288.2,0,198,7.9,9.2,0.701912020178995
6.0,5,115164,23,155.9,10,86,8.5,8.3,0.47478305838405815
7.0,4,105436,19,233.9,10,58,7.8,9.5,0.41764026936118503
11.0,2,114257,23,120.0,10,138,7.2,7.5,0.5503197130936041
1.0,4,27042,19,173.0,4,64,3.4,7.5,0.28452884111900845
4.0,3,52356,19,233.9,10,51,9.6,2.7,0.146027850479886
11.0,4,111044,19,269.9,5,52,5.7,5.5,0.401000832531552
14.0,2,84351,20,265.1,0,161,7.8,7.0,0.6179886752398689
8.0,2,26335,19,235.0,10,200,5.4,3.1,0.2517638951930895
8.0,1,125835,21,271.1,5,55,3.5,8.8,0.4956611073891852
2.0,5,125551,26,181.5,10,172,5.6,6.5,0.5461385952789918
7.0,4,92573,23,178.2,10,200,5.6,7.2,0.5283740792303708
8.0,1,34735,18,142.8,4,184,6.3,7.7,0.5277054522266971
4.0,5,120449,25,206.2,8,71,8.7,5.9,0.43468715449720097
4.0,4,98426,24,206.0,10,200,4.9,8.4,0.5473346964591309
6.0,3,128454,20,194.7,4,52,9.6,6.1,0.5145767020499514
1.0,4,121406,18,120.0,0,178,4.4,7.8,0.8010521058383284
5.0,2,126078,22,246.2,10,64,6.6,3.0,0.3113830571896938
4.0,2,93922,21,131.0,10,139,4.3,4.6,0.4041865072617788
5.0,3,42670,25,202.0,5,200,6.2,3.4,0.4089867821183864
2.0,1,107440,18,165.8,10,126,9.1,5.8,0.4601620535014346
13.0,5,107664,18,221.8,10,187,6.8,7.2,0.5323578096548234
9.0,4,117635,21,242.1,8,54,5.8,8.8,0.443423675179225
10.0,2,48065,25,271.7,0,200,2.8,5.9,0.5137858992428396
12.0,1,48957,22,137.7,10,64,5.2,5.8,0.2115253159483729
8.0,3,140553,19,180.6,10,93,7.7,2.9,0.4036603448352137
2.0,2,120731,23,136.3,4,77,5.7,8.8,0.5794981983648392
8.0,3,145270,22,183.4,10,115,8.1,5.0,0.4962147949813745
9.0,4,122080,19,167.0,4,65,6.4,3.9,0.44693706925527665
11.0,5,97826,20,120.0,10,91,3.2,7.6,0.40157286235019596
7.0,2,109145,26,187.0,5,200,9.3,5.7,0.6482592180590041
2.0,2,134803,24,300.0,0,200,7.6,8.7,0.808854609768821
5.0,4,100846,24,300.0,10,78,5.1,8.8,0.38555992525568555
6.0,1,108207,23,185.2,9,138,4.5,4.0,0.4080353833402928
10.0,5,45173,25,135.4,10,74,5.0,2.7,0.14711431687450252
9.0,2,87174,21,144.9,10,58,5.3,6.0,0.29245087593128427
6.0,5,113423,25,209.8,5,152,5.8,8.5,0.6164024822394583
15.0,2,59718,21,281.7,10,78,6.8,9.3,0.31907452901157707
9.0,5,50663,25,159.0,10,140,7.2,2.3,0.25846385500243385
4.0,3,65692,26,300.0,10,200,3.5,6.0,0.3718633736466055
2.0,2,54256,20,125.1,10,89,6.4,7.1,0.31051886428708325
3.0,5,53557,20,275.0,10,122,9.3,7.9,0.3483124149276354
4.0,1,76977,19,154.9,7,63,8.4,7.8,0.39552949905097173
3.0,3,142074,20,243.7,8,85,5.3,5.0,0.446411766524907
3.0,3,86729,20,155.1,7,148,7.0,6.4,0.5026294287178956
5.0,1,50344,22,245.3,0,63,2.6,5.6,0.34609698343415246
3.0,5,34352,22,156.9,10,182,6.6,3.1,0.29908316275738844
14.0,4,113822,19,122.8,10,104,8.0,6.6,0.47513606237109995
2.0,1,72726,23,300.0,7,200,6.6,2.4,0.3856778232212466
8.0,5,131636,22,294.9,10,200,4.9,7.6,0.5723304944256541
6.0,1,107707,23,296.1,10,181,6.1,7.4,0.5000537675422442
15.0,1,128356,18,192.6,10,64,8.4,6.5,0.42104816812642326
2.0,2,58990,22,265.1,10,64,5.0,5.0,0.18856044728925603
6.0,5,115190,26,148.6,10,200,5.8,7.1,0.6037562660287563
15.0,4,56972,19,157.2,5,187,9.5,7.8,0.5813170196167943
13.0,2,142360,18,138.1,9,200,8.3,5.0,0.667565291599547
12.0,1,106105,26,274.6,5,200,8.4,4.0,0.5572322025469592
4.0,1,64460,26,205.9,10,71,5.6,5.9,0.24474933839921742
3.0,1,58279,26,172.5,4,200,6.3,8.5,0.5993955356801841
10.0,5,51085,23,236.1,10,113,6.3,2.7,0.19462354848734215
14.0,5,117240,25,300.0,10,188,3.7,8.2,0.527727977496493
9.0,2,54002,18,153.0,10,180,5.6,5.5,0.3906568559314846
9.0,4,99180,21,131.9,10,91,4.2,5.6,0.3596898175080084
5.0,2,57977,18,126.9,4,141,3.3,6.4,0.4719295932421911
12.0,3,110462,25,175.2,10,171,7.1,9.3,0.5905272436533116
3.0,1,125374,18,131.8,10,162,6.0,4.9,0.53445253598195
5.0,1,127923,20,208.1,4,135,7.9,3.3,0.5439955303683658
7.0,1,119594,21,214.9,9,136,3.2,3.0,0.386566775427574
8.0,2,50887,25,276.8,10,200,8.2,3.5,0.32606191053486866
4.0,2,36578,23,189.1,10,200,7.9,6.4,0.39453175033232035
2.0,1,116190,24,300.0,4,142,7.6,7.2,0.5898401690477649
9.0,2,69633,25,167.7,8,163,3.4,4.6,0.3876848620242514
5.0,5,82380,19,172.5,10,162,4.3,9.3,0.49185839349232335
9.0,5,28862,25,300.0,10,200,9.0,2.7,0.25784282214564136
3.0,2,58984,20,129.6,10,171,9.2,4.3,0.41245478479966596
8.0,1,30275,24,143.6,4,79,3.3,6.3,0.29533021279996785
8.0,2,133750,20,263.2,10,87,8.7,5.2,0.4234886884000428
1.0,2,56033,24,199.7,4,200,5.2,5.8,0.5056943489139435
5.0,2,96046,19,218.8,10,145,8.8,4.9,0.41543651014613114
2.0,3,29927,23,131.9,10,161,7.3,5.0,0.3276499604211981
1.0,5,109843,20,227.4,4,129,2.9,7.5,0.543233490438145
15.0,4,65524,20,169.4,10,110,9.2,4.1,0.3008013288925096
5.0,4,137961,26,138.3,0,200,2.8,6.2,0.8030995484604396
12.0,3,139667,24,264.5,10,68,4.3,3.9,0.3466242912402244
4.0,2,67255,22,156.1,10,102,4.6,5.2,0.2855441085462248
10.0,3,137105,24,202.3,10,134,3.0,5.1,0.45635618992668975
12.0,3,155923,26,147.5,10,170,7.4,8.8,0.7039137732834881
9.0,1,133355,18,120.0,8,170,9.2,4.6,0.6352929907173108
7.0,5,132651,24,185.3,10,162,7.1,8.4,0.6025406254086296
6.0,4,56706,23,129.9,10,105,9.7,5.7,0.33493333907630835
6.0,2,97707,26,300.0,10,76,3.4,10.0,0.38897334852932813
14.0,4,34393,18,120.0,9,123,8.3,3.4,0.2755734008498692
12.0,4,37861,21,201.3,0,200,9.3,8.1,0.6235439282354752
14.0,5,148923,26,167.8,10,200,8.3,7.7,0.6986310509085192
2.0,4,67608,21,161.7,4,71,5.7,9.5,0.45570129550284644
11.0,4,118247,20,270.8,8,130,6.8,9.2,0.5520175286787543
14.0,3,123480,26,172.4,9,172,8.4,8.5,0.634383257329162
3.0,5,136081,19,273.8,10,70,7.1,3.0,0.34274043943313676
2.0,1,153467,21,141.9,10,67,8.8,5.6,0.47923847389607094
11.0,2,55670,23,273.9,10,200,9.0,4.2,0.3605832698131149
9.0,4,30549,19,178.3,10,155,5.1,6.5,0.30255401786305947
13.0,2,79936,25,300.0,10,149,8.7,2.4,0.3046530532497604
2.0,1,42154,25,252.1,4,200,5.3,7.2,0.4846640067189091
12.0,2,28527,18,184.8,10,73,8.0,7.7,0.23101984501213202
3.0,1,68965,20,128.6,10,200,9.0,5.8,0.5172446505406759
3.0,3,121936,26,173.7,10,200,3.5,6.1,0.5556827284957415
3.0,4,95875,22,290.0,10,59,6.1,6.4,0.3055285207901269
12.0,1,65235,23,174.9,10,200,4.6,8.6,0.49208921263120786
10.0,2,110463,21,175.4,0,191,5.8,3.9,0.6668916119402635
8.0,4,54136,19,234.5,0,83,5.6,8.1,0.4642331610668292
6.0,3,26931,25,193.3,8,146,6.9,8.0,0.3602694518207463
13.0,4,120295,23,300.0,10,103,3.9,5.7,0.3782375557591331
6.0,1,102744,22,249.3,10,181,7.4,7.2,0.5081153503288472
12.0,3,125872,26,267.6,10,200,7.6,6.3,0.5597743965774764
7.0,2,30598,18,240.8,5,84,3.8,4.4,0.21939012892576104
6.0,3,128462,22,120.0,5,154,8.3,3.2,0.6119283234677874
7.0,3,105571,23,176.3,0,200,3.0,2.5,0.6120292297434485
5.0,5,98338,22,209.1,7,160,3.8,5.6,0.47326580312742467
11.0,3,105824,23,158.8,0,80,6.2,4.7,0.5241820549092006
8.0,3,131648,23,266.1,0,200,9.5,4.7,0.7351912560543241
4.0,4,99209,24,300.0,9,90,9.3,4.5,0.3504687306213091
14.0,2,96396,21,179.2,4,78,7.8,5.8,0.45892593138841004
6.0,4,154366,25,204.6,10,95,7.8,3.1,0.43682147851911657
8.0,4,122684,24,300.0,10,76,6.4,3.2,0.31522528891789103
14.0,1,81532,26,230.3,10,87,7.4,5.6,0.3078632073078403
10.0,4,113880,24,216.3,8,200,5.9,7.4,0.5991593979120107
2.0,5,73131,20,164.6,10,150,3.3,4.8,0.34577567701964934
14.0,5,52936,20,261.2,10,100,9.6,4.5,0.24673248663942
10.0,1,104372,25,251.3,10,79,6.2,2.3,0.260691750924965
5.0,2,140173,22,263.6,10,179,7.1,7.9,0.6002345403298205
2.0,2,138911,21,243.3,5,58,5.1,8.2,0.5317473547430843
12.0,4,70943,25,193.3,4,200,5.3,2.9,0.4775978257943194
10.0,4,92636,23,218.5,10,86,7.4,3.7,0.29105827668431417
8.0,4,53294,19,236.4,0,64,9.5,5.6,0.41283788892432105
14.0,2,146923,21,159.2,10,192,7.2,7.5,0.6754632448705018
12.0,3,150546,21,245.4,10,180,2.4,4.5,0.513276481519203
3.0,5,107025,23,300.0,10,176,8.0,3.1,0.4086447982445155
5.0,3,129825,23,239.6,10,157,4.6,6.1,0.49370950931334845
4.0,3,112408,18,217.6,10,96,5.8,4.5,0.35412914132121953
11.0,2,99950,25,300.0,0,135,6.5,5.6,0.5714493080935779
1.0,3,32806,23,286.9,10,126,6.0,7.0,0.25520563337860047
9.0,1,83204,20,176.7,10,200,7.3,3.8,0.4443045098479198
12.0,4,111371,26,128.7,9,200,2.8,3.5,0.5272710385577024
13.0,1,108243,19,154.8,10,200,7.0,4.8,0.5390084477216158
6.0,5,70871,25,274.5,8,69,7.2,4.9,0.27341030820884465
12.0,4,146620,20,173.9,5,200,7.6,9.3,0.8111501794884022
2.0,3,47171,22,253.9,10,126,5.1,3.3,0.20197295404901078
13.0,5,91794,23,193.7,10,197,1.9,2.7,0.37864575919896076
2.0,4,114683,23,246.9,5,65,5.8,7.7,0.4793908461683925
6.0,3,113771,21,148.7,9,130,4.2,7.9,0.5154045787191656
12.0,1,110325,20,235.2,10,88,6.4,6.2,0.3794498318074565
3.0,4,58657,21,213.9,10,154,7.2,6.3,0.3621845787735156
4.0,3,45036,18,122.0,0,120,2.4,5.3,0.45157137272583503
11.0,1,104503,21,156.1,4,91,9.4,4.0,0.47607154810789126
11.0,5,98647,18,219.5,10,96,2.5,9.9,0.418822447764871
10.0,5,49006,18,163.1,10,91,3.2,2.6,0.1530740735958277
11.0,5,114925,23,160.8,0,61,4.6,8.1,0.5806392301657651
8.0,5,83450,22,300.0,7,190,5.7,7.7,0.5130217949228206
4.0,2,109423,21,244.4,10,154,4.6,2.9,0.3685266540186207
6.0,4,131256,20,265.0,10,121,9.1,6.5,0.4926748209811653
3.0,4,45667,18,164.7,10,110,8.9,8.5,0.3560764509201818
14.0,2,28135,23,208.0,4,119,8.2,4.1,0.31536549317321644
9.0,3,123645,19,253.8,9,109,4.0,8.5,0.4842602910260697
6.0,3,104974,25,245.7,10,150,7.4,7.6,0.48440641911078086
7.0,5,111751,22,255.7,4,130,7.1,5.8,0.538012915727915
14.0,1,129036,24,168.0,7,72,4.3,9.5,0.5290675132825341
3.0,3,128510,19,174.5,10,84,4.6,4.3,0.3713253594130436
9.0,1,150806,25,159.0,10,200,7.9,5.5,0.6563590983281911
8.0,4,93193,19,132.3,5,163,6.8,5.3,0.569112656010598
9.0,1,88720,21,120.0,10,91,2.3,4.6,0.3042996630719967
1.0,4,78994,18,120.0,8,54,7.5,8.0,0.3767361509850342
13.0,2,46391,22,300.0,5,115,6.7,4.8,0.31767336759351067
14.0,2,99676,26,177.2,10,200,8.9,4.5,0.5110358502361935
9.0,5,61521,18,192.6,4,58,7.5,7.3,0.38021747283552026
11.0,3,139789,26,300.0,10,127,2.8,6.0,0.4486789241906817
14.0,5,101653,25,259.0,5,123,6.8,8.6,0.5488062621705168
11.0,4,99933,23,155.2,10,167,4.8,2.2,0.39174955164131564
3.0,5,72650,24,286.4,10,126,4.8,5.1,0.29257311759827653
9.0,1,31049,20,209.4,10,200,5.0,4.6,0.3050183883182628
9.0,4,29272,18,214.3,10,56,9.5,1.9,0.08338889127232352
7.0,2,79390,22,255.0,10,113,4.5,8.2,0.3667387324785667
11.0,3,35868,19,262.2,10,112,9.1,10.0,0.34466797408643396
14.0,4,100326,22,227.1,10,62,6.4,2.6,0.24184297859767653
14.0,4,138028,25,196.1,0,89,6.0,9.6,0.7104135575481284
7.0,1,139819,26,282.1,0,69,7.1,3.8,0.5496727689414442
2.0,3,110080,19,120.0,4,157,3.5,9.7,0.7023497547605604
15.0,2,51220,20,265.4,10,101,7.0,6.7,0.271886043022073
13.0,4,137022,20,127.5,5,167,3.5,8.5,0.7268274411080988
2.0,4,135488,18,129.3,0,125,5.4,3.8,0.6512762056607933
14.0,1,49198,25,300.0,10,200,5.9,5.9,0.35187486396160605
13.0,5,120500,23,238.1,4,188,8.0,3.5,0.5906312847338886
8.0,2,63186,25,207.9,10,157,7.1,5.1,0.35044737876473214
9.0,3,127048,26,240.8,10,197,7.2,8.8,0.6219328763246342
6.0,4,152229,22,270.5,10,167,4.7,7.1,0.5728923333000633
1.0,4,28787,20,168.3,10,144,5.9,7.8,0.32441280902682723
5.0,2,139177,22,279.6,10,200,8.3,8.1,0.6335563284530769
12.0,5,101722,22,123.2,5,96,9.1,7.0,0.5436823258397738
1.0,4,153553,22,263.0,10,165,6.4,9.4,0.6422913002271298
5.0,2,86121,20,258.7,10,176,7.5,9.2,0.5076079253644636
6.0,1,134426,21,139.4,4,200,8.7,2.9,0.6941598268900397
8.0,5,33379,26,222.9,4,200,8.8,4.6,0.4453425611291417
14.0,3,69282,26,171.8,10,116,3.2,8.0,0.356543719079774
6.0,4,33865,19,211.0,0,64,4.3,9.7,0.4231944625798139
6.0,2,147065,25,232.1,10,170,2.7,4.1,0.4906268117988961
11.0,1,126007,25,276.5,10,200,5.2,8.2,0.5807610345921908
7.0,3,134901,24,165.9,10,102,6.9,5.5,0.4620153349989937
4.0,2,148656,25,172.0,9,64,6.4,8.2,0.5125151933877261
7.0,2,35308,20,120.0,10,154,8.7,2.9,0.30416997252579087
2.0,3,72658,23,190.1,5,62,6.9,6.3,0.3651776017456685
3.0,1,34230,18,198.5,5,169,3.5,9.7,0.471528506818428
8.0,1,53222,24,300.0,10,71,10.0,4.5,0.21038601171406004
7.0,5,53702,18,191.8,8,163,9.1,3.1,0.3512989326674776
14.0,4,83452,26,230.5,10,74,6.3,4.7,0.2655608557139285
6.0,3,59940,18,247.4,7,170,4.9,5.1,0.38253009767283813
9.0,3,38280,18,192.9,9,94,2.7,5.5,0.2037312572479486
10.0,3,45211,24,300.0,10,178,5.3,5.4,0.30027010726030506
1.0,1,42788,19,186.9,10,179,3.2,7.5,0.3665092810675492
10.0,4,150302,22,168.6,4,60,6.6,2.7,0.47783962306973565
3.0,5,121418,25,144.8,5,66,2.7,8.9,0.5193668798860774
14.0,2,152972,25,288.2,10,186,3.9,3.3,0.4987338156643773
3.0,2,82167,20,131.1,4,141,8.9,2.5,0.48054985615297174
6.0,3,58642,24,197.0,0,200,6.0,8.5,0.6552250098133812
2.0,4,126493,20,196.2,10,54,7.0,8.0,0.4247738695875833
15.0,1,66375,23,234.8,4,142,8.5,8.2,0.5214987714770262
8.0,4,61641,23,228.6,0,200,5.8,2.8,0.5140434151890801
9.0,4,56476,20,121.3,10,195,6.8,6.5,0.4877985794371618
2.0,1,42708,24,196.6,5,103,5.5,5.8,0.32874602157275806
11.0,3,56836,20,209.3,0,83,3.9,7.3,0.4430120008960491
4.0,4,69271,25,300.0,10,164,6.1,8.1,0.40731743381045704
14.0,2,107309,21,241.3,10,93,2.3,9.0,0.4079259215318802
4.0,1,32846,18,236.9,10,54,5.9,6.3,0.15670508331360294
3.0,5,52387,21,256.3,0,114,7.5,2.7,0.3870986871138505
1.0,3,127321,24,244.4,8,200,8.3,8.5,0.6636601447826325
7.0,1,45440,21,127.0,10,67,8.1,3.7,0.18871292905245027
9.0,5,66741,23,253.8,4,92,5.2,5.8,0.3721626933169013
2.0,5,135930,26,275.5,10,81,8.8,2.9,0.3675965461636715
12.0,4,46144,18,182.0,8,196,5.7,3.9,0.37591930678021057
7.0,4,35824,22,207.4,10,149,8.5,5.3,0.2940214671748407
8.0,4,83873,24,228.7,10,200,6.3,9.0,0.5288734262547303
7.0,1,62613,18,146.0,10,92,8.7,6.3,0.3242242472884672
6.0,1,95680,21,219.5,9,170,7.2,6.7,0.4934794864433941
9.0,3,131451,23,145.6,10,197,8.7,7.6,0.6749077596745757
3.0,4,43991,19,228.7,0,146,6.2,4.4,0.4439938398511266
3.0,5,102119,22,143.3,5,200,6.7,3.9,0.6043251321402746
13.0,2,91523,18,120.0,9,79,6.1,8.2,0.4229632769911823
14.0,3,43209,23,210.8,10,200,9.6,7.4,0.43517243794736415
6.0,1,107471,23,254.0,10,175,7.0,8.7,0.5408995491392314
4.0,3,62089,21,192.0,8,200,7.1,7.4,0.5038142330844434
10.0,3,86366,25,187.7,10,67,5.3,10.0,0.38455856576186975
6.0,3,35222,21,202.1,0,163,7.6,7.5,0.539220572274798
1.0,3,83955,25,195.8,4,86,2.7,8.4,0.4542676987139681
3.0,2,62871,25,300.0,8,200,7.3,4.3,0.3948367846777288
11.0,4,125534,22,293.6,5,143,9.0,9.6,0.6623641090077329
10.0,5,33606,21,207.1,10,145,8.0,3.6,0.24037276498920868
1.0,3,80790,19,153.8,10,78,4.0,6.5,0.3063573509924026
4.0,3,81595,20,224.9,10,132,6.4,7.5,0.4031853215275404
4.0,3,116614,20,120.0,9,66,9.2,2.3,0.3481653661828106
10.0,4,100481,21,198.7,10,200,4.2,8.0,0.5408350785332556
1.0,1,111250,21,172.3,10,151,9.5,6.4,0.5186612061838023
2.0,1,123063,22,297.7,10,163,6.6,4.5,0.45097637793062517
12.0,2,137036,21,120.0,10,90,5.9,7.1,0.5006755274993406
3.0,1,66983,25,242.8,10,66,8.8,5.9,0.264514526382843
10.0,3,96389,23,268.0,5,156,8.0,3.4,0.4662375285680029
4.0,3,130862,23,224.8,0,196,2.6,6.0,0.7152802586616189
2.0,3,147514,25,140.8,4,178,7.8,4.1,0.7076528004650269
4.0,2,142169,24,300.0,10,71,5.7,8.2,0.46269205646748074
11.0,3,70467,25,245.2,0,65,9.0,3.6,0.4021020928783971
13.0,1,50903,19,204.1,4,200,3.0,5.0,0.45508122603535983
12.0,4,85298,26,194.6,4,175,6.7,8.4,0.6138365245015263
6.0,4,118559,18,178.6,10,139,3.0,4.5,0.4171845005313982
10.0,5,87334,25,218.9,10,200,5.7,2.7,0.39145442411890913
4.0,1,84639,21,120.0,10,186,4.5,2.4,0.4248996561379852
5.0,3,135566,21,121.9,10,200,5.0,5.5,0.6380348950501673
14.0,4,68785,22,275.5,0,99,9.6,7.3,0.5263160957102948
1.0,1,138113,25,177.8,10,148,6.9,3.0,0.47288366653687325
2.0,4,79027,22,161.4,10,66,4.4,8.2,0.3239092583453697
4.0,3,66173,25,237.6,10,200,5.7,8.3,0.46383604114037974
1.0,4,84144,18,218.1,9,101,6.5,7.3,0.3849122202606338
3.0,5,120029,26,146.9,8,136,7.2,7.1,0.5653136360853412
9.0,5,42099,23,232.5,0,200,5.7,6.7,0.5565440772675551
7.0,4,50507,20,120.0,10,94,9.1,8.3,0.3640384054085215
13.0,1,144077,25,132.0,10,200,3.3,7.8,0.6828565357934515
12.0,1,47312,26,162.5,0,89,6.6,8.0,0.48184111107333166
6.0,1,98681,23,280.0,10,109,3.0,8.0,0.3842219836578985
4.0,4,101644,24,135.5,10,98,7.9,3.8,0.36394088179324513
6.0,1,85268,18,120.0,0,48,8.2,9.1,0.557859925093609
9.0,3,107704,22,200.3,10,77,6.3,8.2,0.41143771486793435
4.0,5,53608,22,278.3,0,200,8.4,8.3,0.6266243538576785
10.0,3,97479,21,163.6,5,200,4.1,9.0,0.6704638534070132
6.0,1,70443,23,197.4,4,101,8.0,6.2,0.4373173596857937
8.0,3,110748,24,129.0,0,200,4.7,6.8,0.7817095109660273
7.0,1,42322,26,239.7,8,185,4.0,9.1,0.430226051473005
5.0,4,98456,18,196.3,4,98,6.5,6.6,0.4945239424518012
14.0,3,50013,23,225.3,10,200,7.4,2.1,0.3038808701209343
12.0,4,61796,24,199.7,10,200,5.0,3.9,0.36418495177414933
2.0,4,54051,20,158.3,10,69,7.4,3.3,0.18469411668370914
13.0,2,48633,25,151.0,4,161,3.9,8.6,0.5176527675641639
8.0,1,133644,22,182.6,0,191,5.6,8.1,0.8099131318167707
14.0,5,61998,26,145.1,10,155,6.7,5.3,0.3813304367679504
12.0,1,147121,22,267.6,10,196,3.2,5.2,0.5410421281658206
7.0,5,148911,26,300.0,10,159,6.7,5.7,0.5331266240664773
1.0,1,97894,21,281.2,10,200,6.3,7.9,0.5176247968658071
4.0,4,42685,26,300.0,4,200,4.5,7.9,0.48096932188047836
8.0,3,73121,22,233.5,10,200,3.6,4.5,0.37635627556113316
10.0,3,123450,26,294.3,10,68,5.0,6.1,0.36264229829645866
4.0,2,73823,20,158.5,7,70,5.4,5.7,0.3245465862882461
2.0,5,36857,21,233.3,10,117,2.4,6.7,0.22756583096943162
13.0,5,99286,26,244.4,8,154,5.7,3.3,0.40005847595414235
15.0,5,128869,23,210.7,0,200,9.4,2.8,0.7056629386782519
8.0,4,124098,19,230.3,10,151,3.1,9.5,0.5417839230078043
3.0,5,48831,24,181.3,10,68,2.6,6.9,0.20802475272234464
4.0,3,109933,19,160.5,10,200,8.3,4.9,0.5511690371095115
1.0,4,53227,19,252.0,10,168,9.5,2.4,0.28512158045758623
14.0,1,54380,18,120.0,9,111,8.2,4.3,0.32043440212958585
2.0,5,136478,20,184.3,10,127,4.3,9.3,0.5594751749184733
9.0,5,55846,23,300.0,5,110,2.8,3.4,0.2680946366060006
4.0,1,60364,25,265.3,10,200,3.4,4.1,0.32501045691648583
8.0,5,24635,26,260.3,0,136,6.6,3.3,0.35647700620953954
10.0,1,139546,24,174.9,0,85,10.0,8.0,0.710600662592048
12.0,4,122031,21,174.1,10,200,9.2,6.1,0.6033998085030521
4.0,3,106168,23,290.8,10,128,5.2,2.4,0.312094555899965
1.0,1,117003,22,214.8,10,200,4.7,6.4,0.5378071144159855
2.0,2,45301,25,234.2,10,73,5.9,5.8,0.19867116324598086
14.0,1,80840,18,120.0,0,145,5.0,3.2,0.551109543382089
13.0,5,71587,18,120.0,0,174,8.7,6.2,0.6799314599843541
9.0,4,37185,23,300.0,10,75,6.2,3.2,0.11685556739113587
9.0,4,84612,19,166.2,0,120,9.2,3.7,0.5337230137510556
10.0,1,144222,22,240.1,10,190,7.2,8.0,0.6342855690571425
3.0,3,30435,18,120.0,10,170,5.3,5.1,0.34260961750760915
14.0,2,61025,24,268.4,10,120,6.4,7.1,0.3214863860711346
7.0,4,49980,18,238.4,5,137,5.8,7.0,0.40844912859492455
6.0,5,55275,21,218.0,10,174,4.6,6.8,0.3694507820656462
8.0,5,136613,26,151.6,10,72,7.0,7.3,0.4688066508245856
1.0,3,82389,18,183.2,5,164,3.6,7.4,0.5302008030676376
3.0,4,83180,21,255.8,10,200,3.8,9.2,0.5008875853486717
11.0,1,122970,23,207.5,8,200,3.3,7.8,0.612125928274472
2.0,5,45069,23,299.3,0,200,7.8,7.1,0.5685260850538022
9.0,3,84605,25,268.0,10,187,3.1,7.9,0.4482587314221288
4.0,4,82511,18,226.2,0,156,5.1,4.2,0.5319163695628152
6.0,4,103808,24,249.9,10,100,9.1,8.7,0.4575294010678796
5.0,4,149667,18,120.0,0,99,3.5,5.5,0.6702564232931734
6.0,4,119795,24,183.0,10,165,7.5,8.0,0.5724685865458377
11.0,4,78168,20,136.4,5,119,9.1,5.0,0.47238318813347774
5.0,5,130021,25,300.0,0,200,3.7,7.1,0.7281458827489904
9.0,3,46422,20,237.0,0,52,8.8,8.7,0.44739936633607724
7.0,4,29221,18,207.0,0,101,8.1,5.1,0.38933556351945164
10.0,2,52280,25,190.1,9,169,3.4,3.1,0.2915495877159455
14.0,2,66996,20,125.7,7,60,6.4,3.5,0.26287182461660646
11.0,3,91819,19,220.0,10,88,3.1,4.1,0.2643867898633517
4.0,1,105199,18,170.9,4,122,8.6,7.1,0.5819263044178156
1.0,1,141291,20,144.1,0,165,9.0,4.3,0.7580306180807879
4.0,1,92335,19,201.9,0,200,4.6,9.5,0.7407037938267108
9.0,2,86717,19,120.0,0,187,2.5,4.4,0.6431250018758536
1.0,1,31958,23,180.6,0,200,2.8,5.2,0.50138860309318
8.0,5,29700,18,177.9,9,55,3.9,5.0,0.1316312534563614
9.0,4,94793,19,124.6,10,186,5.8,3.4,0.4760905844451862
5.0,2,79587,23,300.0,10,200,3.1,6.9,0.42080383382594677
12.0,3,130685,20,148.8,10,70,8.8,5.0,0.41538730122743905
2.0,3,44525,21,125.6,10,71,9.1,7.8,0.2963749685536997
2.0,4,28054,18,120.0,4,62,6.8,9.1,0.36662291942767417
11.0,2,81052,25,300.0,10,200,7.3,8.4,0.49413419070110043
8.0,1,56350,24,200.8,0,200,2.9,3.5,0.5070451534815776
10.0,1,30684,24,238.2,10,200,4.5,8.1,0.3676441049463429
7.0,5,118532,20,120.0,10,159,4.3,9.1,0.6088699183902089
4.0,5,38774,20,120.0,10,81,5.1,5.5,0.21686007328596327
12.0,1,99598,19,175.9,10,61,7.9,7.3,0.3687254248182833
12.0,3,60195,18,217.5,10,81,7.4,5.5,0.25180818735542165
11.0,3,46487,24,300.0,7,82,8.6,8.6,0.34524904445165483
4.0,5,73820,24,143.4,10,132,5.7,6.1,0.3837351323720284
9.0,4,125809,19,191.8,10,143,4.0,10.0,0.5681878997444871
6.0,1,77536,24,300.0,10,200,5.1,7.1,0.4377148913417021
2.0,5,124485,25,213.8,9,130,6.9,5.5,0.47821422598692714
14.0,5,41136,18,219.2,10,200,9.5,7.6,0.43003322430353175
2.0,1,125932,26,175.8,10,192,7.5,6.4,0.5927103500504654
14.0,1,53575,24,300.0,10,200,7.7,4.3,0.34009493469921775
7.0,3,111686,20,235.0,10,192,7.3,8.5,0.5764333456847387
3.0,4,98789,25,300.0,7,127,2.9,7.1,0.43577911655612717
8.0,4,140464,24,267.3,0,104,5.9,3.6,0.5815489273174932
13.0,1,72261,25,213.9,5,95,4.1,8.7,0.4359428432718288
11.0,2,32969,23,300.0,10,165,5.7,7.6,0.310871198832953
12.0,5,27693,26,200.2,8,74,2.9,4.3,0.14295320049699933
10.0,5,130340,22,176.9,10,96,5.1,5.0,0.4125989580429956
10.0,1,91196,20,225.3,8,200,5.5,9.0,0.5771068672393083
13.0,2,123222,20,241.8,4,157,4.8,8.9,0.6534891149722687
4.0,3,55004,18,244.8,10,130,6.1,7.4,0.329624634644496
8.0,1,70442,25,169.0,5,200,6.1,5.8,0.5476196733911773
4.0,1,28400,19,227.3,0,171,3.8,5.5,0.44615493648765503
15.0,5,150098,20,234.1,0,123,6.3,4.4,0.6559539275953038
14.0,1,111543,25,140.5,4,200,2.8,8.7,0.7247042837683726
1.0,1,146172,25,209.2,10,200,5.9,7.4,0.6399483199759175
11.0,1,60015,21,152.4,10,187,4.4,6.2,0.4214888300412248
14.0,5,102746,21,164.2,10,124,9.2,3.1,0.3858670577047082
3.0,3,109241,22,300.0,0,76,5.1,6.4,0.5295705352923621
9.0,3,65830,23,246.2,10,137,7.8,8.6,0.40494881899278423
14.0,1,137179,22,249.5,0,200,8.2,7.9,0.8158930925204764
1.0,5,146435,24,300.0,4,200,3.2,9.7,0.7484228459792317
11.0,3,133000,19,161.9,10,188,7.3,8.6,0.6614358094248611
5.0,3,115526,24,288.0,10,163,6.9,7.1,0.49802404373882286
14.0,3,62637,24,227.0,5,200,3.4,3.9,0.43110668110202444
15.0,5,59301,18,227.9,10,88,8.4,3.1,0.21009294278254684
14.0,5,142980,24,143.8,10,128,7.3,7.7,0.5855509826617151
7.0,1,26410,22,296.8,8,59,7.8,3.2,0.1232341244567064
13.0,4,119985,20,139.6,0,200,5.5,7.2,0.8060119440766429
13.0,3,113542,20,164.7,10,145,4.6,6.2,0.47380084637080316
5.0,4,103730,21,249.5,5,78,5.3,9.4,0.5049431191299529
12.0,5,152392,19,156.5,10,191,4.3,4.8,0.6023912397505835
1.0,5,62813,19,197.8,10,185,3.5,6.7,0.3988766590720815
9.0,5,70388,18,164.0,0,200,5.7,9.9,0.7337491432744726
4.0,4,35437,22,244.4,10,83,8.9,3.1,0.1500624449461454
2.0,5,81369,21,157.1,10,75,4.7,8.9,0.36285280396208985
2.0,1,59951,19,120.0,0,180,9.4,3.1,0.5980782270430924
11.0,5,71096,20,162.5,10,103,4.5,3.4,0.2509416904111096
5.0,2,130568,24,225.6,10,75,4.8,7.1,0.4183958065805573
11.0,4,140811,24,159.8,10,200,7.1,4.4,0.6007326430911696
1.0,2,50006,21,179.1,10,77,7.1,6.7,0.25711198903391547
5.0,5,72153,22,192.6,5,95,4.9,4.0,0.33965009298688953
8.0,1,147496,22,125.0,10,148,6.4,6.0,0.5972898254153358
12.0,3,34248,23,233.6,10,101,3.4,4.1,0.14933402038047094
5.0,5,36108,26,300.0,10,200,2.7,3.3,0.23569341593452417
10.0,1,47479,19,120.0,10,158,3.2,9.2,0.43780891860138016
13.0,4,99976,22,226.7,10,83,4.1,8.2,0.37777882753640113
9.0,2,44915,20,231.8,9,182,7.5,5.1,0.35419718072714873
4.0,2,143445,21,180.0,0,177,8.5,3.1,0.7233664178892414
1.0,2,84252,23,260.8,8,200,3.2,7.8,0.5011532575055402
13.0,4,89875,25,218.2,7,200,6.0,5.5,0.5191285517446437
1.0,1,57231,18,169.1,10,65,3.7,8.1,0.26230539919973495
13.0,4,87489,25,130.6,10,200,5.7,9.6,0.6164292787116429
8.0,2,109418,24,272.3,10,171,7.1,4.7,0.4443945343436636
14.0,5,119936,18,192.4,10,160,5.3,8.6,0.5565838808406025
12.0,3,124078,19,120.0,10,55,6.0,6.5,0.39827271263932446
15.0,4,100345,20,159.5,5,186,5.0,4.9,0.5727599517401092
6.0,4,144454,18,253.1,10,145,3.8,6.5,0.5108329466283672
12.0,1,133002,26,229.9,10,148,5.8,6.6,0.5139633733207387
6.0,1,120440,25,238.0,0,74,5.7,5.0,0.5334769362285313
8.0,4,32312,19,254.8,10,200,7.8,7.4,0.3772722185824937
10.0,2,25806,26,297.3,8,142,4.2,5.9,0.25242291100363157
13.0,3,52909,24,250.3,0,91,4.3,3.5,0.35218228711151983
15.0,1,108536,26,300.0,10,200,2.5,7.8,0.5026434774795249
12.0,2,79076,23,300.0,0,103,6.6,3.6,0.4407741116461469
7.0,5,74436,23,206.0,5,154,5.7,3.7,0.4204703173890366
7.0,1,133966,21,185.1,10,158,6.0,3.9,0.48709720574888493
11.0,2,136166,19,159.5,10,173,8.3,10.0,0.6888541906467504
4.0,2,136692,24,300.0,10,76,3.6,3.2,0.3237343072590036
2.0,3,65738,22,246.6,7,62,3.4,7.7,0.30704894134930655
6.0,3,110303,23,132.5,10,158,7.2,6.2,0.5323995606478689
5.0,5,58435,19,249.8,4,126,4.0,7.7,0.4303612014188993
5.0,2,47898,22,203.4,10,200,4.8,7.4,0.4093870500976694
4.0,2,49750,21,120.0,0,195,4.6,5.0,0.6039465602624228
1.0,3,70261,26,250.6,10,200,7.8,4.7,0.40291872543568635
1.0,1,78063,23,199.6,10,200,4.8,3.7,0.3952582035628812
15.0,1,132963,19,233.8,10,130,5.7,5.5,0.4635869028498592
7.0,4,40400,18,120.0,4,145,7.4,4.5,0.43608706588526613
6.0,3,116489,22,280.3,10,56,5.7,2.5,0.25697743521519806
10.0,4,93580,26,255.1,0,200,5.1,7.7,0.6836693788602473
4.0,3,60535,23,130.3,10,165,8.4,8.6,0.4978494649011087
14.0,5,89458,24,300.0,10,200,3.7,3.6,0.37249752886612336
12.0,2,61451,22,221.8,10,114,4.4,9.3,0.3590345253554626
2.0,5,104201,23,185.8,10,153,7.3,5.3,0.4547665162261154
7.0,3,78044,22,205.9,10,98,7.5,7.1,0.35537569811763625
13.0,2,46488,26,300.0,0,155,8.9,5.1,0.48179156863766914
14.0,1,41281,23,179.2,10,200,9.1,5.1,0.3918932991843444
7.0,1,91548,25,172.1,4,102,8.8,9.5,0.5779054573450962
9.0,4,139855,19,125.4,10,182,3.5,8.7,0.6738986960523232
3.0,3,68301,26,201.3,10,161,7.6,6.0,0.3953250761631648
15.0,3,119030,22,254.7,10,57,4.5,5.7,0.3298469640828404
4.0,1,106880,24,225.5,0,149,6.3,8.1,0.6782559811256273
14.0,5,139258,18,123.2,0,48,4.6,4.3,0.5398851059243428
10.0,2,130662,22,140.6,5,180,4.0,5.4,0.6525301462570507
9.0,5,96706,19,153.8,10,188,8.4,9.2,0.6082952082842721
8.0,5,109654,23,300.0,0,124,6.2,6.7,0.6034108129924166
4.0,1,136576,18,146.7,5,101,9.5,9.8,0.6851933616362943
3.0,1,75218,20,281.8,10,198,4.4,8.3,0.4565043428890493
4.0,1,67121,22,202.6,5,120,5.0,7.4,0.4383126183137751
3.0,4,26918,21,138.3,10,103,8.9,3.8,0.20818803309550235
12.0,5,129097,20,265.1,10,182,9.0,3.4,0.49097703255865893
6.0,3,125073,22,210.8,10,102,9.5,5.9,0.4562532382214517
1.0,2,38025,25,297.8,9,200,4.3,4.7,0.3042577663234572
15.0,4,96352,21,294.5,4,73,4.8,9.1,0.48368744931497487
13.0,3,83229,18,120.0,10,49,5.8,3.6,0.22626393554467916
14.0,5,39598,24,153.5,10,200,2.8,5.0,0.35274870516540857
15.0,1,151167,25,283.5,0,200,5.6,5.1,0.7509886011140631
3.0,5,52865,20,153.8,10,59,5.5,3.4,0.1547828944818675
6.0,2,33631,23,158.7,10,200,6.7,3.9,0.3418264422383529
12.0,4,99635,19,120.0,5,88,9.2,7.7,0.5440053730104069
11.0,4,116963,24,120.0,0,133,5.7,8.4,0.7386927185171837
3.0,2,29563,25,294.4,10,135,6.8,3.5,0.18333544657813788
12.0,3,112098,23,142.7,4,67,7.0,6.5,0.49939778119111417
4.0,3,94099,23,213.9,10,200,5.2,7.2,0.5083610696635903
4.0,4,39125,22,237.7,10,109,4.9,4.2,0.18477707275045724
8.0,4,48353,25,225.6,10,128,8.5,3.9,0.2564669882133571
9.0,1,96440,18,120.0,4,59,3.0,6.1,0.4169230246390163
9.0,3,61077,21,256.6,0,138,7.7,8.6,0.5740879634691329
2.0,2,145644,21,120.0,10,68,4.6,4.3,0.40747745252102646
13.0,3,126478,20,248.5,10,131,5.9,7.3,0.4896476416236164
4.0,1,150880,20,261.0,10,154,4.7,3.9,0.48274658726099073
2.0,4,59284,21,184.6,10,191,6.8,7.0,0.4412092589951039
13.0,4,151311,18,179.1,10,173,8.3,3.5,0.56153604373646
14.0,1,78993,19,177.9,10,118,7.6,9.3,0.4456189199685264
13.0,2,69526,26,211.6,10,200,8.7,6.3,0.46202081666254713
12.0,4,32028,19,246.9,0,102,7.2,3.4,0.34116925119419167
10.0,5,32777,22,285.4,4,118,9.0,8.7,0.41921982212816167
8.0,4,115214,26,204.7,8,192,4.4,6.5,0.5640180054308992
2.0,5,86284,26,279.2,10,161,2.7,7.7,0.40949763429879965
6.0,1,52279,25,300.0,10,121,6.3,7.3,0.30109901570326997
6.0,1,102827,18,249.3,10,200,3.1,7.8,0.5100981115665172
4.0,4,56489,18,171.9,10,143,2.9,5.7,0.310937482638557
11.0,3,96076,26,237.2,10,200,5.8,5.6,0.4710970139007259
8.0,5,72963,25,190.0,10,186,3.8,4.3,0.3748975366122312
2.0,2,134323,26,300.0,9,165,5.0,3.0,0.449223316771538
4.0,4,126648,24,152.3,10,200,6.5,4.2,0.5652717409592806
10.0,2,83203,20,217.7,10,136,3.5,4.0,0.30939992541616523
2.0,4,68801,20,140.7,4,69,7.1,6.4,0.4026630037593386
13.0,3,73023,19,142.2,5,97,2.6,2.4,0.3078564838756805
8.0,3,125786,22,195.9,10,89,4.4,4.5,0.3691985764559571
8.0,3,64965,20,281.8,10,115,4.3,9.9,0.36885730243610493
9.0,3,50297,23,130.6,0,63,8.8,5.3,0.41659303502542055
12.0,1,35939,19,179.5,8,176,6.3,3.0,0.30991069109535135
6.0,1,87106,20,120.0,10,141,6.0,6.0,0.44929549234710414
10.0,5,85268,22,136.2,10,99,6.5,8.5,0.4240668232307472
9.0,2,131402,18,163.9,5,195,4.2,3.7,0.6196406299832556
4.0,4,51978,18,172.6,4,158,2.9,3.9,0.39025030428178475
13.0,4,73681,26,203.5,5,200,6.5,9.5,0.6220784206017598
12.0,1,129676,24,190.5,0,73,2.5,7.0,0.58155868925407
10.0,4,127823,18,120.0,10,160,4.4,8.3,0.6142095406213615
13.0,1,73132,25,183.4,10,119,7.9,7.4,0.39054807014475934
13.0,5,85599,20,274.7,10,200,8.2,4.1,0.42017376201628426
11.0,2,61698,25,300.0,10,197,3.5,4.7,0.32935181909252903
13.0,5,145045,22,175.5,0,130,3.2,8.9,0.7513558202305568
11.0,3,40132,18,178.8,10,200,7.8,2.8,0.325394216481271
10.0,3,141845,24,300.0,9,200,6.2,8.3,0.6397505497003935
10.0,3,113359,22,120.0,10,96,6.7,3.7,0.3849114239632174
11.0,5,94961,23,287.5,10,198,7.1,5.2,0.4513537788888052
3.0,4,29637,23,300.0,10,170,4.5,4.0,0.21649879203095412
13.0,2,82945,25,139.0,4,157,9.0,7.7,0.6213678433050123
13.0,3,76903,26,172.2,0,113,8.5,7.6,0.5872627045295864
1.0,3,45712,19,257.7,10,200,7.9,8.4,0.4303804279815888
12.0,3,108985,26,254.2,10,200,5.4,4.8,0.47270395683134636
2.0,2,150342,26,135.0,10,157,8.2,3.0,0.5548275761095078
5.0,3,93497,24,177.6,0,200,4.0,4.8,0.6448130604816067
11.0,2,116075,18,165.2,7,158,6.2,6.6,0.5757842861234219
3.0,3,34267,24,262.5,4,112,6.2,6.0,0.3340555922809956
12.0,5,77520,22,250.7,10,93,4.1,3.7,0.23151741994214844
13.0,5,40604,23,300.0,10,200,4.3,3.6,0.2658635638435138
8.0,2,101190,24,181.1,5,83,6.9,8.1,0.5037540312140817
1.0,5,142625,22,217.4,10,200,4.7,6.3,0.5925558846035087
5.0,2,112827,24,241.5,10,155,3.4,4.5,0.4050865784060943
9.0,5,34751,26,229.0,7,101,4.9,8.2,0.31323626462241844
15.0,5,69628,20,133.3,10,63,9.4,5.4,0.28456423924452456
10.0,2,95869,25,300.0,10,154,2.6,7.9,0.4224975651310303
4.0,4,79018,19,228.6,10,179,6.1,6.6,0.4341070879033613
10.0,5,135513,24,225.1,0,200,7.0,4.4,0.7311264338413684
8.0,3,129444,19,200.4,10,98,5.8,4.1,0.3913618980218584
12.0,4,99457,21,155.3,4,200,6.3,7.9,0.6936963342492422
2.0,2,74768,24,238.0,10,195,3.5,3.6,0.35043010457779217
12.0,4,58051,20,220.9,10,68,6.2,2.8,0.15684007596545121
8.0,1,38449,19,177.5,10,134,4.1,9.1,0.3423760423328616
14.0,1,72001,24,300.0,9,200,7.4,6.7,0.4533717233580711
6.0,5,77259,18,187.7,0,65,4.5,9.3,0.5206566385719322
10.0,5,107549,25,207.5,10,173,8.3,7.9,0.548186980766681
14.0,3,111290,20,241.7,4,83,5.3,8.3,0.5229307641912062
2.0,4,34379,19,120.0,10,104,3.0,4.5,0.2058287635271965
14.0,1,74680,20,182.0,10,200,7.5,6.8,0.49179222987470456
10.0,5,47606,22,173.8,0,175,5.7,8.4,0.6037083178115479
2.0,4,45564,25,224.0,10,200,7.0,5.7,0.3734732817978477
5.0,5,127715,24,277.8,10,200,6.5,5.3,0.5284972456145307
11.0,5,30320,24,223.1,10,71,4.6,8.0,0.20351349544996036
2.0,1,79299,24,297.9,10,100,2.1,6.3,0.2798526367830278
9.0,1,47945,25,243.5,10,200,2.6,2.4,0.25855193205112154
6.0,5,137250,18,152.6,5,179,5.8,6.2,0.6889748759846736
10.0,2,97766,21,256.7,10,99,3.9,8.8,0.40002196291340786
1.0,5,55725,23,166.2,7,200,5.5,6.6,0.4933813551635315
13.0,5,90130,26,185.9,8,200,5.5,8.0,0.5721824979472436
15.0,3,116111,19,183.1,10,162,6.7,3.9,0.45879758963805073
14.0,3,150653,18,126.2,4,144,5.3,8.4,0.751676144267618
11.0,3,53110,19,120.0,10,59,4.0,8.6,0.2743829485402605
2.0,2,133478,24,250.4,10,180,6.4,3.5,0.4832866987852135
12.0,2,141380,20,195.0,0,103,2.9,7.1,0.6541017964652025
1.0,5,144240,19,181.2,0,146,8.6,9.1,0.8196140534211428
1.0,3,102844,24,300.0,10,109,7.8,4.7,0.35487259783777597
5.0,2,102723,19,187.3,10,145,5.8,7.2,0.470567364221968
8.0,1,77557,20,254.9,4,168,4.8,5.4,0.47868242217047274
12.0,5,124107,24,152.2,10,128,3.0,6.1,0.46414357792596395
10.0,4,93639,21,217.4,0,81,5.0,4.9,0.4769363882766952
7.0,5,109193,18,229.5,0,145,7.4,9.1,0.709529811145231
4.0,4,77280,22,222.5,10,191,7.0,4.3,0.40276210915496263
15.0,3,119122,26,300.0,10,141,9.4,3.6,0.4182813324120089
7.0,4,125923,25,211.5,10,200,5.9,6.8,0.5788851858179964
7.0,3,44296,26,154.0,10,200,4.8,5.8,0.39837468527390646
3.0,1,128572,26,237.3,0,200,8.6,5.7,0.7536509370276503
12.0,4,96546,24,212.3,4,200,8.7,9.5,0.7063261507823378
11.0,5,132314,21,264.9,0,111,8.0,5.4,0.6308050533315451
4.0,3,78572,22,153.6,10,182,8.5,5.8,0.48069715191154033
2.0,5,75255,18,251.1,10,129,4.1,2.8,0.2506521227630312
10.0,2,139074,18,235.0,0,47,6.7,4.9,0.5477577580888349
10.0,3,56478,20,144.6,4,104,4.8,3.1,0.3326422389863617
4.0,4,135539,25,200.6,7,81,6.1,7.4,0.5151513545260995
14.0,3,85641,19,240.5,0,131,3.6,8.5,0.5889191478910295
3.0,5,90040,21,282.1,10,90,6.0,7.2,0.34808604071966
7.0,1,63835,19,170.3,8,122,5.7,7.4,0.3973039351135398
14.0,3,95485,22,180.0,10,200,4.8,3.4,0.4401718409194902
7.0,4,64517,26,248.3,10,127,7.3,3.6,0.2695060292626333
10.0,2,30828,18,208.9,10,128,4.2,8.8,0.2985651047097103
6.0,1,60484,22,165.4,0,171,2.6,7.2,0.5795490228662958
4.0,2,25791,26,300.0,10,200,9.1,7.0,0.35067598862825033
15.0,3,147396,18,120.0,8,186,4.3,7.1,0.7113486735597294
6.0,5,152443,26,140.1,5,200,3.9,8.6,0.8073640892368437
14.0,5,78049,25,214.7,10,80,5.8,5.1,0.2689101171716394
4.0,4,117571,21,171.1,0,200,7.4,3.3,0.6983406647296452
4.0,5,70694,22,177.3,10,174,7.9,6.4,0.44298860853658917
1.0,1,112324,22,193.6,5,200,3.5,7.3,0.6398050055870582
10.0,5,125781,23,196.2,8,149,8.0,5.5,0.5406756542971842
6.0,4,141066,24,165.9,10,176,6.7,4.6,0.5624130321527991
13.0,3,74275,25,194.0,10,91,4.4,6.2,0.29357368166488734
7.0,3,127666,25,300.0,10,118,8.6,7.7,0.49805768548326007
14.0,5,60057,19,160.1,5,192,3.8,7.4,0.5366710059807068
3.0,2,152735,26,237.9,0,200,5.6,2.1,0.7006060544467315
13.0,3,27915,24,250.8,10,79,6.5,5.7,0.16664438654497105
12.0,5,102931,21,290.9,4,97,6.9,6.0,0.47395645145961895
12.0,4,111096,21,157.8,10,83,9.2,6.7,0.4297058589981194
13.0,5,115473,25,272.1,9,65,3.4,4.1,0.3019374266309614
12.0,3,39284,21,232.9,10,200,8.5,6.8,0.39341050420351514
10.0,4,146289,23,252.4,5,200,8.5,5.4,0.6892386649332762
2.0,5,46759,22,131.1,10,165,9.2,7.7,0.45118092599408266
1.0,1,105876,20,230.4,10,78,8.1,3.6,0.31201352423479745
14.0,4,54129,19,120.0,10,52,7.2,6.1,0.23374015948832996
9.0,1,62792,26,264.9,0,200,8.4,7.7,0.637817176069972
12.0,2,96445,26,300.0,10,92,6.5,8.7,0.40120455797496035
8.0,4,75975,18,120.0,10,53,8.7,4.1,0.2521824147493748
2.0,1,46732,20,256.2,10,76,3.1,5.3,0.16744682211950487
2.0,3,46290,25,128.0,8,200,6.0,7.1,0.5073161344109194
10.0,3,79448,23,282.8,10,180,3.9,6.1,0.38959540901564504
7.0,2,125004,22,201.1,10,186,4.9,8.2,0.5869691267255335
3.0,4,137766,22,146.3,10,139,8.1,7.7,0.5956367178394306
8.0,4,36056,23,131.8,4,109,6.8,4.1,0.34146539567749634
1.0,4,75059,24,300.0,0,117,3.4,3.8,0.4261927555369288
9.0,2,37194,18,120.0,10,200,7.5,3.3,0.38617498317598964
4.0,4,27651,26,181.5,10,144,6.7,4.4,0.24365607859371802
12.0,3,111163,20,153.6,10,193,7.5,2.9,0.4965026457314659
5.0,1,104738,21,209.2,10,119,7.7,5.2,0.40169473922011995
7.0,3,47172,18,176.4,4,63,3.4,4.2,0.25216489189601216
1.0,3,55078,20,122.9,0,107,3.5,5.9,0.47481097388777266
2.0,1,28811,19,147.3,7,155,9.0,9.7,0.47914580619089453
6.0,3,134032,19,135.9,10,132,6.7,7.1,0.5583112291629113
8.0,2,148972,18,120.0,10,108,8.8,3.7,0.5047890060721583
9.0,1,41432,25,221.8,10,80,9.1,6.6,0.24622109680048737
5.0,3,54509,20,231.8,10,96,5.8,9.2,0.32687283914235826
11.0,5,138756,20,132.8,5,124,7.3,5.5,0.6178242131903837
13.0,3,143873,23,189.8,9,170,8.0,3.3,0.545442121069447
12.0,2,79832,25,210.9,10,78,6.0,7.3,0.32355907298144493
1.0,4,31108,26,300.0,5,200,8.8,8.8,0.4927049194680992
8.0,3,31345,26,300.0,10,130,8.0,7.2,0.27546487199238956
2.0,4,97546,21,255.8,0,93,6.8,6.5,0.5456456941765604
4.0,5,76021,22,162.3,0,90,4.5,7.4,0.5176495874197076
15.0,3,28048,19,120.0,10,180,7.5,8.7,0.4554138078695151
3.0,1,96821,26,209.8,10,135,3.0,2.3,0.29893731792284184
8.0,4,27331,25,191.8,10,200,7.9,6.0,0.3627064666946195
10.0,5,129315,20,201.8,10,83,7.8,6.9,0.4514349349158131
11.0,1,63456,26,299.1,0,200,6.0,4.9,0.5449666423750819
9.0,1,29510,20,252.9,0,111,9.7,9.5,0.5066453574132043
1.0,1,99062,26,300.0,0,200,4.0,7.2,0.6622017862560333
5.0,1,73308,19,141.2,0,188,7.7,3.0,0.6008008257604739
8.0,3,145766,26,292.1,10,200,5.8,8.6,0.6361067923019773
2.0,3,96064,25,192.6,10,200,6.3,4.0,0.4597879883005919
6.0,3,62114,26,144.8,5,126,3.7,6.8,0.43757825753929475
1.0,5,112102,22,251.5,4,151,7.0,5.0,0.5469241667447937
2.0,5,60060,19,120.0,10,78,7.2,8.2,0.3400686636226482
6.0,5,137722,25,217.8,8,200,6.7,3.8,0.5768810134116532
2.0,2,71103,23,201.5,0,200,4.3,4.2,0.5678484882638851
9.0,5,93296,25,281.8,0,200,8.6,4.8,0.6373537648871919
10.0,3,31962,22,272.9,10,179,8.7,8.3,0.3731621029288004
12.0,3,77057,19,132.3,10,200,6.9,6.5,0.5293272492314536
3.0,2,130386,23,291.0,10,200,4.0,3.7,0.4733190164313873
3.0,2,124382,22,166.1,0,187,5.3,4.6,0.7112892127636556
2.0,5,52992,22,186.3,10,90,8.5,6.2,0.28044090486920636
10.0,4,52906,18,209.5,7,62,7.3,5.0,0.2536581866105489
11.0,2,132479,19,211.0,4,109,4.9,4.8,0.527888985165591
1.0,1,145477,25,300.0,0,200,3.3,2.7,0.65931424375107
14.0,3,38426,20,146.1,10,174,7.0,7.2,0.40264533022150284
1.0,1,81813,20,211.1,7,89,3.5,3.9,0.2984248518408291
8.0,3,67312,25,268.6,0,200,8.4,7.7,0.6471456143125356
11.0,3,134725,25,300.0,10,200,4.0,4.0,0.48763041106513744
13.0,2,34778,19,129.7,10,194,6.5,6.5,0.4227175057674402
11.0,2,52970,25,293.8,10,200,6.1,5.8,0.3616952324677108
12.0,1,119593,18,179.0,10,92,4.4,6.7,0.4146219518625136
5.0,3,31473,23,172.7,5,73,5.3,2.6,0.19251024445714074
12.0,1,88460,25,233.1,10,105,8.5,6.9,0.38557910650874894
2.0,4,81109,20,156.0,0,87,4.3,8.0,0.5390690374635789
14.0,1,70050,25,252.0,10,167,3.6,7.4,0.3880055376970645
8.0,5,74689,18,226.6,10,158,4.2,5.7,0.36102544193383457
12.0,1,93339,26,260.0,0,133,6.8,5.2,0.5551474233955667
7.0,5,45253,26,282.3,5,200,6.7,7.8,0.48953848692551083
10.0,5,101260,22,212.6,10,120,4.9,6.9,0.40982778117795515
8.0,5,127081,21,121.6,10,149,6.5,4.9,0.5313531209554136
11.0,4,122947,23,162.2,10,192,7.9,8.1,0.6379699229936068
2.0,1,43745,24,217.0,10,68,6.4,4.1,0.15653516595339684
1.0,1,45023,22,175.2,10,191,9.3,2.9,0.3413692595891767
4.0,4,58454,26,167.6,10,116,4.7,7.0,0.3233126652470225
3.0,3,70934,20,188.6,10,136,8.1,6.5,0.38833587149711374
13.0,2,79238,24,197.0,10,135,8.0,6.4,0.3990120988782843
4.0,1,115233,22,153.6,10,75,6.4,4.5,0.3545844152228217
15.0,2,32397,24,221.8,10,153,7.6,8.6,0.35455265178844264
5.0,4,30461,19,120.0,0,56,7.8,6.0,0.3718586816723238
3.0,3,72786,21,283.5,5,200,6.3,7.3,0.5369585915971302
12.0,3,116556,19,248.3,10,192,2.5,4.4,0.44830868964573223
10.0,3,50363,24,275.2,0,103,4.8,9.3,0.4946978609232627
8.0,4,106683,19,120.0,10,114,6.3,6.6,0.46382307108489185
9.0,5,59910,18,218.8,10,152,6.5,3.7,0.29527764174490456
11.0,5,141079,26,300.0,0,147,9.5,10.0,0.8060806546037668
4.0,2,137069,18,214.0,10,168,8.7,9.6,0.6487221920006465
15.0,5,64362,25,148.4,10,200,5.3,8.0,0.5043012597537978
15.0,5,53048,19,207.5,10,183,8.3,2.8,0.3199079572646669
10.0,3,79286,25,300.0,10,169,8.7,6.9,0.43061603296067874
3.0,3,56568,20,196.0,10,115,5.8,4.3,0.25393409745585327
10.0,2,107538,23,249.8,10,128,2.7,7.8,0.4268629948764102
2.0,1,131826,20,173.9,8,54,1.9,5.9,0.38668419916216656
1.0,2,111389,24,237.4,0,107,6.0,5.4,0.5664903254055185
4.0,2,130812,26,133.0,8,123,6.3,6.3,0.5535625569576232
7.0,4,74651,19,205.4,0,148,7.3,4.3,0.5317547055842327
13.0,4,44480,22,127.7,4,179,9.5,3.5,0.48842157783130585
11.0,2,121157,23,219.4,10,79,6.1,4.2,0.34722451653673286
11.0,2,69917,21,164.1,10,103,9.2,3.5,0.28904646357822766
7.0,2,110133,21,216.1,4,200,5.0,8.1,0.672689257586481
6.0,5,60515,21,141.4,4,200,9.3,9.2,0.6730968657097999
6.0,4,34647,19,215.7,10,164,6.6,4.7,0.27853885827403696
15.0,2,152296,21,257.9,10,169,7.4,3.0,0.5072925691019788
1.0,3,45471,18,120.0,0,164,7.7,3.7,0.5372837656864148
13.0,3,152697,23,135.0,9,174,9.1,2.8,0.6086111746171462
9.0,5,148028,18,120.0,10,94,7.5,4.5,0.48602271879912007
7.0,5,125647,23,294.3,0,67,7.7,8.1,0.6176395653066424
11.0,1,107761,18,187.6,10,138,3.8,4.6,0.3958093516951495
8.0,1,100782,23,212.3,4,69,5.3,6.3,0.4399424241204152
13.0,1,131816,25,144.7,10,84,7.3,9.4,0.5301211095017754
14.0,5,64080,19,213.4,9,200,7.0,4.4,0.40889826371282073
7.0,5,85500,19,248.9,0,188,8.2,8.7,0.7011946560800806
4.0,5,106734,21,268.5,10,137,3.2,6.4,0.40384190815207305
9.0,3,77150,20,200.0,8,152,6.9,3.7,0.3816719504399917
14.0,5,78692,21,131.4,9,68,4.8,5.1,0.2873794060632253
4.0,3,69140,24,140.6,0,193,6.6,4.7,0.6293571813494222
10.0,1,94280,18,120.0,10,151,4.0,6.3,0.4725850114095418
10.0,1,129772,23,183.0,7,144,7.7,6.3,0.5831861021407503
11.0,1,50239,20,136.9,10,154,7.9,5.3,0.36996050196832564
2.0,2,148495,24,169.3,10,130,4.2,5.9,0.519273742760682
11.0,2,113838,19,152.8,10,64,9.5,3.4,0.33560941327917315
14.0,4,130313,19,265.1,10,106,7.7,9.1,0.5202901243494212
3.0,4,97301,21,221.4,10,115,9.0,2.9,0.333827245085799
4.0,4,123569,18,222.0,10,47,9.0,8.9,0.4427820282621292
15.0,2,27919,20,231.7,0,82,7.1,6.4,0.37724547892914406
3.0,2,128256,26,155.0,0,181,6.8,4.9,0.7390380578879385
13.0,4,31153,24,282.6,10,200,7.5,6.3,0.3378364890780587
8.0,4,136063,24,180.4,0,81,7.0,5.7,0.6177682668672615
4.0,5,148910,21,231.1,10,140,3.3,4.8,0.477434686219476
13.0,4,62781,19,148.5,8,124,2.9,8.0,0.3996885914216091
7.0,5,51811,21,300.0,0,137,6.2,7.9,0.5143227128985389
8.0,3,123731,23,174.4,0,200,6.3,6.8,0.7813763502808948
6.0,2,56939,20,153.9,5,176,4.0,8.6,0.5396324153612285
9.0,4,132681,18,234.5,5,159,5.8,5.7,0.5965402186070072
3.0,2,38343,25,140.2,5,71,7.5,3.6,0.2571970596695235
6.0,2,41529,22,248.5,10,171,7.3,7.2,0.3552358487760768
15.0,2,145917,22,257.4,10,116,3.7,4.2,0.4233024215999787
4.0,3,111302,21,260.6,10,154,4.4,6.5,0.44957887923512296
10.0,1,131168,23,300.0,10,200,6.4,8.1,0.5942553413104461
5.0,4,66031,20,277.8,10,170,4.3,4.5,0.3146552518576431
12.0,1,109511,26,128.7,10,181,7.3,8.3,0.6213656554227283
2.0,1,103767,22,276.3,8,200,4.3,3.0,0.43940124620964216
15.0,1,103188,20,227.8,4,187,3.9,2.2,0.48968739820758644
7.0,2,110137,18,197.6,0,53,4.2,8.4,0.5540949487287461
4.0,5,99358,23,136.9,10,60,8.2,4.6,0.31810805378535734
2.0,2,81731,19,211.0,10,60,3.5,6.4,0.262208735280654
3.0,2,59973,20,282.4,10,184,6.6,3.5,0.31282389944458805
8.0,1,125686,18,240.7,0,184,4.2,7.6,0.7322344308098901
5.0,2,52794,26,233.6,10,144,6.6,7.9,0.3610689197110257
12.0,1,115737,25,133.5,4,94,2.9,6.5,0.5207130879974613
7.0,5,55132,19,156.2,10,124,8.0,5.2,0.3193424145606945
4.0,4,102713,25,300.0,0,136,7.3,5.6,0.5857629087272511
9.0,1,119391,26,285.4,0,200,9.3,9.1,0.8008327786668377
11.0,5,54912,18,161.6,10,185,3.0,5.8,0.3786328048276794
3.0,4,33625,22,130.6,4,154,2.1,2.8,0.34102537850685494
3.0,3,42210,25,229.8,7,131,6.2,5.7,0.32230921501343224
1.0,1,99547,19,165.9,10,158,7.9,4.5,0.4487410784367928
11.0,1,132394,21,274.6,10,87,8.6,8.3,0.48915451655206
10.0,3,30576,24,257.6,10,200,9.5,7.6,0.39090306770143657
7.0,3,115014,20,161.4,10,199,6.6,6.6,0.5853598451996698
13.0,1,68880,22,202.4,8,150,5.2,4.6,0.365464217334727
12.0,3,88399,25,139.7,5,200,9.2,3.4,0.5859799574268343
9.0,2,144958,20,273.2,0,105,6.2,6.6,0.6632834635039442
13.0,4,66328,21,180.2,10,172,8.2,7.5,0.4562994218263863
4.0,4,84843,26,231.7,10,171,3.3,7.6,0.4354060230353284
2.0,4,27939,24,197.4,10,177,8.6,3.0,0.26613026942709744
4.0,2,36277,18,197.4,5,169,8.8,7.0,0.4591370513299141
1.0,3,58944,21,239.8,10,102,4.6,2.8,0.18588062803417008
8.0,5,29843,21,243.0,10,150,4.3,4.4,0.2141649141308196
14.0,3,107655,26,188.9,10,123,3.2,8.3,0.4541245975956933
1.0,1,77483,23,184.5,10,160,8.3,6.1,0.43110528044338015
2.0,4,93923,26,156.3,5,141,8.2,5.6,0.5356772954192571
7.0,3,49058,23,256.7,5,200,5.1,6.7,0.4674457590662273
14.0,5,62877,23,122.8,7,78,7.7,4.7,0.323545896235888
5.0,1,106662,22,235.1,10,200,5.6,4.6,0.4712980787684731
8.0,2,147426,22,284.2,10,200,7.4,9.5,0.6760896325924328
1.0,2,32203,19,266.6,0,132,7.1,6.1,0.43613809380106305
3.0,5,143090,25,224.7,10,200,8.6,8.8,0.6805896918749003
15.0,1,97370,25,229.8,4,200,4.7,7.0,0.6092377764522436
14.0,4,97017,18,120.0,0,112,6.8,7.6,0.6482242547089938
1.0,3,91174,25,275.0,4,118,7.0,5.2,0.4577002842815954
14.0,1,33838,22,256.6,0,196,7.2,3.7,0.4672017475280651
10.0,2,35787,19,139.6,10,118,9.0,8.6,0.36229898047036524
13.0,5,104762,19,175.3,0,89,3.4,5.5,0.5241461314165556
7.0,5,68580,23,289.9,4,174,4.5,8.1,0.5162384623888616
8.0,3,141781,26,300.0,10,200,9.5,2.9,0.5249663895612907
8.0,5,77605,18,124.8,5,189,7.1,8.4,0.6587576140147915
10.0,5,42062,23,215.4,10,200,5.7,4.9,0.34008022472875377
2.0,1,119506,26,180.1,10,167,9.0,8.3,0.5957047572445029
1.0,4,61996,25,141.5,9,106,4.3,9.2,0.3949810287711354
5.0,3,91390,23,300.0,10,96,7.2,8.7,0.4001536165333325
11.0,1,111352,20,247.1,7,200,8.7,6.4,0.5998942815600725
3.0,4,138423,25,300.0,9,89,4.4,5.3,0.41596559001748856
10.0,1,128523,26,140.9,10,119,3.8,5.7,0.4650389694449322
15.0,1,113489,18,231.7,10,92,5.4,8.2,0.4301567447867905
2.0,5,114958,26,234.7,10,149,5.3,3.7,0.4020652232441597
10.0,4,144419,23,194.5,4,155,5.2,5.8,0.6491610176102298
7.0,3,63813,23,226.3,10,190,8.9,8.2,0.4746444664377678
13.0,3,25529,21,133.0,0,200,3.8,3.7,0.5032152445728748
3.0,4,61134,18,200.5,4,67,8.9,8.3,0.4248216605420883
10.0,5,53797,25,260.1,4,151,9.3,7.7,0.4927631269567291
13.0,2,108349,19,122.1,5,188,9.4,8.8,0.7592046757277993
14.0,1,104586,18,120.0,4,65,6.9,8.8,0.5406060223855943
10.0,5,98952,19,130.7,10,56,9.0,7.1,0.37715158014761785
8.0,4,27580,18,120.0,0,155,3.0,2.3,0.4092179833313957
10.0,1,121608,18,189.0,5,176,6.9,8.4,0.6843067883483136
13.0,3,65049,26,300.0,10,200,4.6,7.0,0.4023825878597893
9.0,2,106690,18,120.0,5,156,2.2,7.2,0.6066321683167134
1.0,3,93471,21,120.0,9,122,3.2,4.5,0.39135709817975406
14.0,4,70203,23,230.0,4,137,3.0,6.0,0.42867124641479215
10.0,1,42011,24,300.0,10,95,8.6,3.9,0.18747518393584886
10.0,4,36644,19,148.4,10,200,9.2,5.3,0.4113952103958367
4.0,1,129546,23,188.1,4,93,6.1,4.4,0.5069915243295595
10.0,5,143319,24,236.7,10,200,4.3,6.5,0.5872394118041837
6.0,2,108165,19,144.2,10,111,7.6,4.9,0.4171290639208273
10.0,5,39145,19,120.0,0,62,8.4,6.6,0.42099518125607527
2.0,5,75534,24,275.3,4,161,5.5,6.5,0.4913471139563597
10.0,4,117469,18,178.4,0,100,3.1,6.5,0.5881707992886382
15.0,2,120903,25,253.7,10,200,9.0,4.7,0.5276383647011507
1.0,1,39185,20,233.8,5,160,5.3,4.3,0.3482130262234461
15.0,1,25313,23,253.1,10,200,6.0,7.6,0.35137683529643404
6.0,3,114144,26,168.4,10,90,8.1,2.2,0.33022243568226023
13.0,1,71168,23,198.2,10,200,3.7,3.2,0.35950851358516994
12.0,4,55845,26,154.8,10,200,4.6,2.1,0.3372072975170914
9.0,5,26307,24,147.5,10,180,9.2,2.8,0.3003033627858197
11.0,5,96291,26,274.1,10,200,6.1,6.5,0.48227795302735305
13.0,5,133975,19,250.9,10,105,9.1,2.9,0.3991292681184919
6.0,2,149023,25,300.0,10,139,6.0,5.5,0.49928484934887896
5.0,1,99445,25,268.1,5,200,2.8,8.7,0.6055597161005557
10.0,4,90422,19,134.0,0,110,9.9,3.2,0.54400491843524
12.0,2,36818,21,121.9,10,107,2.9,6.4,0.25758016298236797
12.0,3,95174,24,300.0,10,95,7.7,8.6,0.4095014056719396
12.0,4,72177,21,201.8,0,163,3.0,2.6,0.4725210299052166
7.0,4,101259,21,225.9,10,111,8.9,9.8,0.49449215512907896
12.0,4,74645,23,285.4,10,200,6.9,4.0,0.3788444443365506
2.0,5,55157,23,256.4,10,200,9.7,5.3,0.3961983911888848
8.0,4,37000,20,256.7,7,150,5.5,5.3,0.312208689160074
1.0,1,64598,26,154.0,10,114,3.0,8.3,0.35673708312444224
5.0,4,36658,19,220.8,10,102,3.6,7.5,0.23900190796424964
6.0,5,46449,23,290.1,10,200,6.8,7.2,0.38547830810205297
6.0,4,145932,24,177.0,10,200,8.7,4.8,0.6221297992534685
11.0,3,79528,26,277.7,5,194,5.1,8.9,0.5736460219256829
6.0,3,91855,20,151.1,4,92,6.1,4.5,0.4346644530027667
7.0,5,137097,20,266.6,10,85,5.6,4.7,0.39064250826311364
4.0,1,148425,24,134.4,10,200,3.8,3.2,0.5880448306882066
6.0,1,101964,21,209.5,0,155,5.7,5.7,0.6203502545590378
4.0,2,131189,25,164.1,0,196,5.2,4.0,0.7270504646877693
2.0,5,66951,24,273.8,9,77,7.9,2.9,0.21597589538186068
9.0,4,65158,22,154.2,10,70,8.2,6.8,0.30003395798406535
10.0,5,75763,24,167.4,8,88,7.1,4.7,0.32549108543802796
10.0,2,107163,20,190.3,8,107,5.7,6.6,0.4489198963849871
7.0,5,115049,19,255.5,10,64,2.9,9.5,0.40360648104830066
6.0,5,63693,23,167.6,10,142,8.9,8.4,0.440467960733698
13.0,2,43582,19,120.0,0,87,4.2,5.6,0.4156454570190608
